tx_alimento;vl_kcal;vl_proteina;vl_carboidrato;vl_gordura;vl_umidade;cd_usuario;tx_grupo;vl_kj;vl_lipideos;vl_colesterol;vl_fibra_alimentar;vl_cinzas;vl_calcio;vl_magnesio;vl_manganes;vl_fosforo;vl_ferro;vl_sodio;vl_potassio;vl_cobre;vl_zinco;vl_retinol;vl_re;vl_rae;vl_tiamina;vl_riboflavina;vl_piridoxina;vl_niacina;vl_vitamina_c
Arroz, integral, cozido;124;2.59;25.81;;70.14;0;Cereais e derivados;516.87;1;;2.75;0.46;5.2;58.7;0.63;105.85;0.26;1.24;75.15;0.02;0.68;;;;0.08;;0.08;;
Arroz, integral, cru;360;7.32;77.45;;12.18;0;Cereais e derivados;1504.89;1.86;;4.82;1.18;7.82;109.71;2.99;250.87;0.95;1.65;173.34;0.07;1.4;;;;0.26;;0.18;4.18;
Arroz, tipo 1, cozido;128;2.52;28.06;;69.11;0;Cereais e derivados;536.63;0.23;;1.56;0.08;3.54;2.25;0.3;17.95;0.08;1.2;14.67;0.02;0.49;;;;;;;;
Arroz, tipo 1, cru;358;7.16;78.76;;13.22;0;Cereais e derivados;1496.99;0.34;;1.64;0.52;4.41;30.38;1.03;104.21;0.68;1.02;62.5;0.11;1.22;;;;0.16;;0.07;1.12;
Arroz, tipo 2, cozido;130;2.57;28.19;;68.73;0;Cereais e derivados;544.42;0.36;;1.07;0.15;3.33;6.05;0.37;21.52;0.05;1.96;20.2;0.04;0.55;;;;;;;;
Arroz, tipo 2, cru;358;7.24;78.88;;13.16;0;Cereais e derivados;1498.36;0.28;;1.72;0.44;4.83;29.24;0.83;82.04;0.6;0.57;57.28;0.05;1.27;;;;0.16;;0.05;0.92;
Aveia, flocos, crua;394;13.92;66.64;;9.13;0;Cereais e derivados;1647.75;8.5;;9.13;1.81;47.89;118.76;1.89;153.4;4.45;4.63;336.33;0.44;2.63;;;;0.55;0.03;;4.47;1.35
Biscoito, doce, maisena;443;8.07;75.23;;3.22;0;Cereais e derivados;1852.76;11.97;;2.1;1.51;54.45;37.14;0.78;166.1;1.76;352.03;141.64;0.17;1.03;;;;1.01;0.42;0.23;3.91;6.22
Biscoito, doce, recheado com chocolate;472;6.4;70.55;;2.18;0;Cereais e derivados;1974.11;19.58;;2.96;1.29;27.23;47.98;0.59;139.45;2.27;239.2;232.4;0.27;0.99;;;;0.32;0.39;0.46;2.52;3.53
Biscoito, doce, recheado com morango;471;5.72;71.01;;2.73;0;Cereais e derivados;1971.4;19.57;;1.53;0.96;35.78;27.1;0.66;137.74;1.48;229.82;113.01;0.13;0.73;;;;0.9;0.42;0.21;1.5;
Biscoito, doce, wafer, recheado de chocolate;502;5.56;67.54;;1.17;0;Cereais e derivados;2102.28;24.67;;1.8;1.06;23.34;47.85;0.44;124.2;2.44;137.24;240.45;0.26;0.87;;;;0.37;0.03;0.3;1.12;
Biscoito, doce, wafer, recheado de morango;513;4.52;67.35;;1.17;0;Cereais e derivados;2148.26;26.4;1.27;0.82;0.56;13.71;18.54;0.28;73.16;1.09;119.9;74.84;0.08;0.51;;;;0.36;;0.94;0.37;
Biscoito, salgado, cream cracker;432;10.06;68.73;;4.06;0;Cereais e derivados;1806.37;14.44;;2.51;2.72;20;39.75;0.69;148.26;2.2;854.36;180.61;0.18;1.14;;;;0.71;0.13;0.17;7.14;
Bolo, mistura para;419;6.16;84.71;;1;0;Cereais e derivados;1751.56;6.13;;1.7;2;58.88;27.92;0.46;332.66;1.21;462.88;75.36;0.15;0.58;;;;0.18;;1.5;1.52;
Bolo, pronto, aipim;324;4.42;47.86;;34.13;0;Cereais e derivados;1355;12.75;73.2;0.69;0.84;85.02;10.34;0.11;122.19;0.49;111.01;134.82;0.05;0.42;;;;0.13;0.07;;;
Bolo, pronto, chocolate;410;6.22;54.72;;19.28;0;Cereais e derivados;1715.5;18.47;76.8;1.43;1.31;74.58;27.69;0.38;196.98;2.13;283.3;211.76;0.05;0.71;;;;0.13;0.09;0.05;;
Bolo, pronto, coco;333;5.67;52.28;;29.32;0;Cereais e derivados;1395.1;11.3;63.21;1.06;1.44;57.11;16.25;0.4;303.4;0.85;190.34;143.29;0.09;0.68;;;;0.15;0.06;;;
Bolo, pronto, milho;311;4.8;45.11;;36.69;0;Cereais e derivados;1302.84;12.42;81.69;0.71;0.98;82.58;10.25;0.11;128.2;0.65;133.81;118.43;0.04;0.44;56.89;;;0.11;0.05;;;
Canjica, branca, crua;358;7.2;78.06;;13.56;0;Cereais e derivados;1496.21;0.97;;5.5;0.21;1.96;12.33;0.09;48.5;0.32;0.79;92.95;0.05;0.36;;;;;;;;
Canjica, com leite integral;112;2.36;23.63;;72.49;0;Cereais e derivados;470.52;1.24;1.35;1.22;0.27;42.56;5.84;0.02;40.58;0.06;27.59;69.81;0.03;0.28;;;;;0.04;;;
Cereais, milho, flocos, com sal;370;7.29;80.84;;9.29;0;Cereais e derivados;1546.41;1.6;;5.29;0.98;1.81;20.1;;90.77;0.52;271.74;68.66;;0.61;;;;0.12;;0.06;;
Cereais, milho, flocos, sem sal;363;6.88;80.45;;11.22;0;Cereais e derivados;1520.21;1.18;;1.84;0.27;1.97;16.55;;58.36;1.69;30.97;28.7;0.24;0.33;;;;0.05;;0.04;;
Cereais, mingau, milho, infantil;394;6.43;87.27;;4.7;0;Cereais e derivados;1650.28;1.09;;3.21;0.51;218.81;16.03;0.11;169.16;3.03;399.4;82.02;0.04;0.36;21.42;;;3.72;0.47;5.08;24.16;109.37
Cereais, mistura para vitamina, trigo, cevada e aveia;381;8.9;81.62;;4.37;0;Cereais e derivados;1594.66;2.12;;4.98;3;584.25;72.27;2.28;515.04;12.64;1163.26;244.36;0.21;2.02;;;;0.76;0.88;1.49;7.46;13.11
Cereal matinal, milho;365;7.16;83.82;;5.53;0;Cereais e derivados;1528.64;0.96;;4.12;2.54;142.92;10.93;0.06;100.8;3.05;654.54;83.09;0.06;7.63;;30.92;15.46;0.76;1.02;2.25;11.04;17.29
Cereal matinal, milho, açúcar;377;4.74;88.84;;4.27;0;Cereais e derivados;1575.51;0.67;;2.11;1.48;56.42;7.94;0.13;43.18;3.9;405.31;51.6;0.04;8.48;;30.92;15.46;0.73;1.11;0.79;10.13;14.55
Creme de arroz, pó;386;7.03;83.87;;7.33;0;Cereais e derivados;1615.03;1.23;;1.07;0.54;7.09;50.5;1.24;153.02;0.63;1.03;114.68;0.04;1.86;;;;0.22;;0.05;;
Creme de milho, pó;333;4.82;86.15;;5.65;0;Cereais e derivados;1393.42;1.64;;3.72;1.74;323.16;30.06;0.2;303.27;4.26;593.79;165.72;0.04;0.78;;;;0.74;;2.05;;96.34
Curau, milho verde;78;2.36;13.94;;81.56;0;Cereais e derivados;328.17;1.64;4.74;0.46;0.49;52.6;15.96;0.06;74.66;0.45;20.51;161.84;0.03;0.4;12.07;20.07;16.07;0.04;0.07;;;
Curau, milho verde, mistura para;402;2.22;79.82;;3.92;0;Cereais e derivados;1683.17;13.37;;2.52;0.67;30.88;8.5;0.05;44.62;0.86;222.93;55.34;0.03;0.24;;;;0.13;;;;
Farinha, de arroz, enriquecida;363;1.27;85.5;;12.69;0;Cereais e derivados;1519.03;0.3;;0.58;0.23;1.12;4.3;0.04;35.96;31.38;17.1;12.54;;8.48;;;;3.23;;3.47;24.42;173.59
Farinha, de centeio, integral;336;12.52;73.3;;10.78;0;Cereais e derivados;1404.89;1.75;;15.48;1.66;33.92;120.23;3.86;339.99;4.73;41.38;333.62;0.56;2.66;;;;0.29;0.03;0.08;;
Farinha, de milho, amarela;351;7.19;79.08;;11.77;0;Cereais e derivados;1466.86;1.47;;5.49;0.49;1.29;30.96;;84.22;2.25;44.93;57.85;0.27;0.6;;18;9;0.25;;0.25;;
Farinha, de rosca;371;11.38;75.79;;9.81;0;Cereais e derivados;1550.5;1.46;;4.82;1.56;35.3;56.88;1.62;194.96;6.73;332.5;212.14;0.26;1.67;;;;0.25;;0.09;;
Farinha, de trigo;360;9.79;75.09;;12.98;0;Cereais e derivados;1508.22;1.37;;2.35;0.77;17.86;31;0.46;114.74;0.95;0.74;151.37;0.15;0.83;;;;0.31;;;0.89;
Farinha, láctea, de cereais;415;11.88;77.77;;2.7;0;Cereais e derivados;1735.73;5.79;11.27;1.94;1.86;196.06;57.69;1.49;296.44;8.72;125.07;365.6;0.19;1.73;492.25;;;1.43;1.13;1.14;9.5;24.31
Lasanha, massa fresca, cozida;164;5.81;32.52;;59.65;0;Cereais e derivados;685.19;1.16;;1.64;0.86;9.97;3.54;0.2;42.38;1.19;206.77;53.91;0.07;0.41;;;;0.04;;;3.96; 
Lasanha, massa fresca, crua;220;7.01;45.06;;44.99;0;Cereais e derivados;921.76;1.34;;1.61;1.61;16.55;12.59;0.34;81.96;1.87;666.71;136.61;0.1;0.76;;;;0.08;;;; 
Macarrão, instantâneo;436;8.79;62.43;;5.97;0;Cereais e derivados;1823.66;17.24;;5.61;5.57;17.63;19.37;0.25;112.15;0.8;1515.53;147.92;0.1;0.5;;;;1.18;0.04;0.53;9.37;
Macarrão, trigo, cru;371;10;77.94;;10.24;0;Cereais e derivados;1552.78;1.3;;2.93;0.51;17.3;27.69;0.53;99.81;0.88;7.17;147.06;0.15;0.78;;;;0.18;0.02;;3.57;
Macarrão, trigo, cru, com ovos;371;10.32;76.62;;10.56;0;Cereais e derivados;1550.45;1.97;17.57;2.3;0.52;19.45;;0.4;118.48;0.92;14.74;134.1;0.14;0.81;;;;0.11;0.05;0.03;4.37;
Milho, amido, cru;361;0.6;87.15;;12.18;0;Cereais e derivados;1511.96;;;0.74;0.07;1.06;3.03;0.02;12.6;0.13;8.08;8.54;0.02;0.08;;;;;;;;
Milho, fubá, cru;353;7.21;78.87;;11.45;0;Cereais e derivados;1478.97;1.9;;4.71;0.56;2.67;41.23;0.34;107.84;0.85;;168.33;0.08;1.09;;26;13;0.25;;;0.75;
Milho, verde, cru;138;6.59;28.56;;63.54;0;Cereais e derivados;578.09;0.61;;3.92;0.71;1.61;32.58;0.12;112.71;0.41;1.12;184.82;0.05;0.52;;32;16;0.3;;0.04;;
Milho, verde, enlatado, drenado;98;3.23;17.14;;76.22;0;Cereais e derivados;408.21;2.35;;4.64;1.06;2.17;20.38;0.09;61.31;0.59;260.35;162.02;0.05;0.5;;48;24;;0.05;;3.74;1.74
Mingau tradicional, pó;373;0.58;89.34;;8.14;0;Cereais e derivados;1562.4;0.37;;0.88;1.57;522.05;4.28;;273.32;41.99;14.86;;;15.21;1533.24;;;3.41;;3.11;19.39;
Pamonha, barra para cozimento, pré-cozida;171;2.55;30.68;;61.31;0;Cereais e derivados;716.38;4.85;;2.37;0.61;4.16;15.35;0.12;54.59;0.36;131.99;125.35;0.03;0.42;;;;;;;;
Pão, aveia, forma;343;12.35;59.57;;19.92;0;Cereais e derivados;1435.47;5.69;;5.98;2.47;108.69;56.68;1.08;182.2;4.73;605.76;210.08;0.14;1.73;;;;0.09;0.03;0.08;;
Pão, de soja;309;11.34;56.51;;26.03;0;Cereais e derivados;1291.71;3.58;;5.71;2.53;90.24;48.32;0.57;153.18;3.33;662.54;296.35;0.16;1.46;;;;0.07;0.04;0.79;;
Pão, glúten, forma;253;11.95;44.12;;40.67;0;Cereais e derivados;1058.53;2.73;;2.48;0.53;155.72;24.24;0.51;105.26;5.71;22.05;64.73;0.06;1.28;;;;0.04;0.03;;;
Pão, milho, forma;292;8.3;56.4;;30.42;0;Cereais e derivados;1221.78;3.11;5.69;4.3;1.77;77.85;29.42;0.37;110.1;3.04;506.64;89.02;0.1;0.82;;;;0.08;;0.08;;
Pão, trigo, forma, integral;253;9.43;49.94;;34.72;0;Cereais e derivados;1059.36;3.65;;6.88;2.26;131.76;60.43;1.62;193.44;2.99;506.1;162.87;0.15;1.59;;;;0.08;0.04;0.15;;
Pão, trigo, francês;300;7.95;58.65;;28.48;0;Cereais e derivados;1254.41;3.1;;2.31;1.81;15.75;25.46;0.46;94.74;1;647.67;142.2;0.13;0.76;2.99;;;0.39;0.67;0.6;2.34; 
Pão, trigo, sovado;311;8.4;61.45;;25.76;0;Cereais e derivados;1301.08;2.84;16.56;2.43;1.55;51.62;22.22;0.31;100.66;2.27;430.79;91.17;;2.66;;;;0.08;0.04;0.15;;
Pastel, de carne, cru;289;10.74;42.02;;34.4;0;Cereais e derivados;1207.93;8.79;18.2;1.04;4.05;16.69;17.71;0.34;117.38;1.99;1309.27;165.61;0.11;1.66;;;;0.06;0.03;;1.58;
Pastel, de carne, frito;388;10.1;43.77;;22.92;0;Cereais e derivados;1624.96;20.14;25.34;0.99;3.07;12.55;14.44;0.22;90.03;2.51;1039.89;155.64;0.12;1.15;;;;0.06;0.05;;1.83;
Pastel, de queijo, cru;308;9.85;45.95;;31.28;0;Cereais e derivados;1290.66;9.63;14.35;1.11;3.28;154.7;15.81;0.24;168.12;0.99;984.57;102.58;0.1;0.97;;;;0.07;0.03;;;
Pastel, de queijo, frito;422;8.71;48.13;;17.54;0;Cereais e derivados;1766.12;22.67;15.38;0.94;2.95;126.13;14.74;0.2;123.81;1.34;821.38;123.75;0.1;0.76;17.58;;;0.09;0.04;;;
Pastel, massa, crua;310;6.9;57.38;;27.07;0;Cereais e derivados;1297.89;5.48;;1.41;3.17;12.61;14.43;0.38;72.55;1.06;1344.2;166.68;0.11;0.61;;;;0.15;;;; 
Pastel, massa, frita;570;6.02;49.34;;0.97;0;Cereais e derivados;2383.51;40.86;;1.31;2.81;11.27;12.74;0.36;62.36;1.45;1174.67;142.55;0.08;0.52;;;;0.16;;;; 
Pipoca, com óleo de soja, sem sal;448;9.93;70.31;;2.82;0;Cereais e derivados;1875.83;15.94;;14.34;1;2.83;90.76;0.65;225.13;1.16;4.32;255.96;0.46;2.05;;;;0.03;0.03;;;
Polenta, pré-cozida;103;2.29;23.31;;72.74;0;Cereais e derivados;429.87;0.3;;2.4;1.35;1.09;4.43;;16.79;;441.89;99.64;0.04;0.05;;;;0.04;;;;
Torrada, pão francês;377;10.52;74.56;;9.05;0;Cereais e derivados;1579.13;3.3;;3.4;2.57;18.74;31.6;0.55;113.92;1.24;829.49;189.49;0.16;0.91;;;;0.38;;;;
Abóbora, cabotian, cozida;48;1.44;10.76;;86.35;0;Verduras, hortaliças e derivados;201.02;0.73;;2.46;0.71;7.63;9.11;0.26;32.6;0.35;1.45;199.1;0.06;0.29;;;;0.08;;0.07;;7.46
Abóbora, cabotian, crua;39;1.75;8.36;;88.52;0;Verduras, hortaliças e derivados;161.5;0.54;;2.17;0.84;17.96;8.82;0.11;25.77;0.37;;350.56;0.06;0.32;;446;223;;;0.1;;5.09
Abóbora, menina brasileira, crua;14;0.61;3.3;;95.69;0;Verduras, hortaliças e derivados;56.93;;;1.17;0.36;8.74;4.09;0.01;11.62;0.15;;164.6;0.02;;;1108;554;0.07;;0.04;;1.5
Abóbora, moranga, crua;12;0.96;2.67;;95.87;0;Verduras, hortaliças e derivados;51.73;0.06;;1.7;0.44;3.05;1.85;0.01;7.91;;;124.87;0.05;0.07;;278;139;;;0.06;;9.65
Abóbora, moranga, refogada;29;0.39;5.98;;92.46;0;Verduras, hortaliças e derivados;121.35;0.8;;1.55;0.37;19.08;7.49;0.02;11.65;0.11;3.03;183.19;0.04;0.08;;95.33;47.67;0.05;;0.05;;6.73
Abóbora, pescoço, crua;24;0.67;6.12;;92.49;0;Verduras, hortaliças e derivados;102.37;0.12;;2.3;0.6;8.81;7.42;0.07;31.62;0.28;0.75;263.88;0.09;0.18;;;;;;0.06;;2.09
Abobrinha, italiana, cozida;15;1.13;2.98;;95.28;0;Verduras, hortaliças e derivados;62.92;0.2;;1.59;0.42;16.73;16.86;0.11;22.49;0.16;0.83;125.88;0.01;0.26;;;;0.05;;0.06;;2.13
Abobrinha, italiana, crua;19;1.14;4.29;;93.86;0;Verduras, hortaliças e derivados;80.66;0.14;;1.35;0.56;15.13;19.95;0.09;32.02;0.24;;253.38;0.05;0.17;;40.5;20.25;;0.06;0.03;;6.87
Abobrinha, italiana, refogada;24;1.07;4.19;;93.49;0;Verduras, hortaliças e derivados;102.21;0.82;;1.38;0.43;20.67;12.67;0.14;31.83;0.36;2.21;193.63;0.02;0.27;;41.58;20.79;0.04;;;;7.53
Abobrinha, paulista, crua;31;0.64;7.87;;90.85;0;Verduras, hortaliças e derivados;128.91;0.14;;2.61;0.5;18.67;9.39;0.11;32.75;0.17;0.5;212.87;0.1;0.18;;;;;;0.03;;17.55
Acelga, crua;21;1.44;4.63;;93.19;0;Verduras, hortaliças e derivados;87.62;0.11;;1.12;0.63;42.99;10.4;0.11;40.03;0.27;1.18;239.82;0.1;0.31;;;;0.04;;0.16;;22.55
Agrião, cru;17;2.69;2.25;;93.94;0;Verduras, hortaliças e derivados;69.37;0.24;;2.14;0.88;132.53;18.16;0.28;50.59;3.11;7.46;217.66;0.1;0.72;;458;229;0.11;0.23;0.09;1.19;60.1
Aipo, cru;19;0.76;4.27;;93.83;0;Verduras, hortaliças e derivados;79.88;0.07;;0.96;1.07;65.22;8.86;0.18;28.05;0.72;9.52;273.6;0.31;0.14;;916;458;;;0.18;;5.88
Alface, americana, crua;9;0.61;1.75;;97.17;0;Verduras, hortaliças e derivados;36.8;0.13;;1.02;0.35;14.44;5.74;0.12;19.38;0.27;7.31;136;0.02;0.23;;;;0.03;;0.04;;10.96
Alface, crespa, crua;11;1.35;1.7;;96.09;0;Verduras, hortaliças e derivados;44.69;0.16;;1.83;0.7;37.98;10.97;0.2;25.81;0.4;3.38;267.13;0.03;0.25;;234;117;0.11;0.12;;1.09;15.58
Alface, lisa, crua;14;1.69;2.43;;95;0;Verduras, hortaliças e derivados;57.83;0.12;;2.33;0.76;27.51;9.11;0.33;26.13;0.61;4.23;348.71;0.03;0.35;;368;184;0.09;0.08;0.07;0.75;21.39
Alface, roxa, crua;13;0.91;2.49;;95.73;0;Verduras, hortaliças e derivados;53.21;0.19;;2.01;0.68;33.83;9.31;0.12;51.13;2.48;7.12;308.44;0.04;0.23;;312.42;156.21;;;;;13.47
Alfavaca, crua;29;2.66;5.24;;90.21;0;Verduras, hortaliças e derivados;122.1;0.48;;4.14;1.42;258.5;84.24;0.15;49.74;1.26;4.55;260.72;0.15;0.71;;;;;0.12;0.56;;
Alho, cru;113;7.01;23.91;;67.55;0;Verduras, hortaliças e derivados;473.34;0.22;;4.32;1.32;13.56;21.29;0.24;149.09;0.8;5.36;534.89;0.15;0.82;;;;0.18;;0.44;;
Alho-poró, cru;32;1.41;6.88;;90.95;0;Verduras, hortaliças e derivados;131.83;0.14;;2.51;0.62;33.62;10.69;0.1;36.49;0.64;1.76;224.47;0.29;0.24;;16.17;8.08;0.06;;0.08;0.34;14.15
Almeirão, cru;18;1.77;3.34;;93.67;0;Verduras, hortaliças e derivados;75.46;0.22;;2.59;1.01;19.5;21.11;0.17;39.66;0.74;2.35;369.12;0.1;0.29;;566;283;0.1;0.18;;0.63;1.69
Almeirão, refogado;65;1.7;5.7;;86.54;0;Verduras, hortaliças e derivados;272.3;4.85;;3.43;1.2;63.4;17.28;0.28;30.87;1.55;14.52;315.36;0.06;0.19;;;;0.03;0.06;0.05;4.03;1.47
Batata, baroa, cozida;80;0.85;18.95;;79.26;0;Verduras, hortaliças e derivados;335.22;0.17;;1.76;0.77;11.85;7.58;0.22;29.48;0.42;2.1;258.33;0.15;0.38;;;;0.06;;;1.98;17.1
Batata, baroa, crua;101;1.05;23.98;;73.69;0;Verduras, hortaliças e derivados;422.52;0.17;;2.06;1.11;17.13;11.99;0.07;45.2;0.3;;505.18;0.05;0.2;;24.5;12.25;0.05;;0.12;;7.55
Batata, doce, cozida;77;0.64;18.42;;80.43;0;Verduras, hortaliças e derivados;321.16;0.09;;2.21;0.42;17.15;11.16;0.14;15.39;0.19;2.7;148.44;0.06;0.12;;;;0.08;;0.05;2.57;23.79
Batata, doce, crua;118;1.26;28.2;;69.51;0;Verduras, hortaliças e derivados;494.72;0.13;;2.57;0.9;21.11;16.89;0.18;36.46;0.39;8.77;340.2;0.11;0.2;;;;0.06;;0.1;;16.48
Batata, frita, tipo chips, industrializada;543;5.58;51.22;;2.7;0;Verduras, hortaliças e derivados;2270.8;36.62;;2.46;3.88;11.6;24.24;0.23;96.5;0.7;607.4;1014.33;0.12;0.59;;;;0.2;;0.13;2.61;
Batata, inglesa, cozida;52;1.16;11.94;;86.36;0;Verduras, hortaliças e derivados;215.85;;;1.34;0.51;3.52;5.43;0.07;24.34;0.19;2.29;161.33;0.06;0.19;;;;0.05;;0.08;;3.76
Batata, inglesa, crua;64;1.77;14.69;;82.87;0;Verduras, hortaliças e derivados;269.33;;;1.16;0.64;3.55;14.58;0.1;38.54;0.36;;302.05;0.09;0.24;;;;0.1;;0.15;;31.08
Batata, inglesa, frita;267;4.97;35.64;;44.12;0;Verduras, hortaliças e derivados;1117.79;13.11;;8.06;2.16;6.28;14.11;0.15;69.67;0.44;1.91;488.94;0.1;0.38;;;;0.17;;0.1;2.51;16.34
Batata, inglesa, sauté;68;1.29;14.09;;83.09;0;Verduras, hortaliças e derivados;284.04;0.9;;1.38;0.63;4.18;6.46;0.08;31.97;0.25;8.18;199.48;0.05;0.21;;;;0.07;;0.09;1.38;
Berinjela, cozida;19;0.68;4.47;;94.43;0;Verduras, hortaliças e derivados;78.85;0.15;;2.52;0.27;10.77;8.82;0.11;15.03;0.22;1.33;105.48;0.04;0.13;;;;0.04;;;;
Berinjela, crua;20;1.22;4.43;;93.8;0;Verduras, hortaliças e derivados;82.12;0.1;;2.87;0.45;9.22;12.91;0.1;20.46;0.25;;204.55;0.06;0.12;;24;12;0.04;0.05;;;3.01
Beterraba, cozida;32;1.29;7.23;;90.57;0;Verduras, hortaliças e derivados;134.53;0.09;;1.88;0.81;15.26;16.54;0.19;30.13;0.24;22.76;245.48;0.04;0.35;;;;0.09;;;;1.24
Beterraba, crua;49;1.95;11.11;;85.98;0;Verduras, hortaliças e derivados;204.3;0.09;;3.37;0.87;18.11;24.43;1.23;19.39;0.32;9.72;375.07;0.08;0.52;;;;0.04;;0.04;;3.12
Biscoito, polvilho doce;438;1.29;80.54;;5.44;0;Verduras, hortaliças e derivados;1830.71;12.25;9.39;1.16;0.49;30.45;5.85;0.08;23.32;1.77;97.8;53.58;0.04;0.15;;;;;0.03;0.07;;
Brócolis, cozido;25;2.13;4.37;;92.62;0;Verduras, hortaliças e derivados;103.08;0.46;;3.42;0.42;50.75;14.55;0.12;33.16;0.54;2.12;118.54;0.08;0.24;;;;0.04;0.03;;;42
Brócolis, cru;26;3.64;4.03;;91.22;0;Verduras, hortaliças e derivados;106.67;0.27;;2.88;0.84;85.87;29.57;0.26;78.46;0.61;3.33;322.11;0.06;0.48;;279.33;139.67;0.12;0.18;0.08;1.39;34.28
Cará, cozido;78;1.53;18.85;;78.88;0;Verduras, hortaliças e derivados;324.62;0.11;;2.63;0.62;5.17;14.84;0.02;27.8;0.31;1.01;203.25;0.11;0.24;;;;0.12;;0.12;;
Cará, cru;96;2.28;22.95;;73.69;0;Verduras, hortaliças e derivados;400.13;0.14;;7.27;0.93;3.91;11.47;0.01;34.72;0.21;;211.67;0.06;0.18;;;;0.11;;0.02;;8.79
Caruru, cru;34;3.2;5.97;;87.62;0;Verduras, hortaliças e derivados;142.39;0.59;;4.47;2.62;455.3;197.44;0.89;77.26;4.46;13.67;278.98;0.37;6.03;;1906;953;;0.1;0.11;;5.36
Catalonha, crua;24;1.87;4.75;;91.76;0;Verduras, hortaliças e derivados;99.95;0.28;;2.05;1.33;56.8;17.3;0.34;32;3.08;9.39;411.79;0.27;0.48;;;;;0.03;0.36;1.54;7.33
Catalonha, refogada;63;1.95;4.81;;87.43;0;Verduras, hortaliças e derivados;265.47;4.81;;3.65;1;63.22;16.35;0.64;35.36;1.18;24.72;452.28;0.18;0.44;;850;425;0.04;;0.03;0.6;
Cebola, crua;39;1.71;8.85;;88.92;0;Verduras, hortaliças e derivados;164.93;0.08;;2.19;0.44;14;11.92;0.13;37.87;0.2;0.6;176.12;0.05;0.17;;;;0.04;;0.14;;4.67
Cebolinha, crua;20;1.87;3.37;;93.88;0;Verduras, hortaliças e derivados;81.65;0.35;;3.55;0.53;79.85;24.59;0.13;26.89;0.65;1.6;206.44;0.04;0.3;;134.42;67.21;0.03;0.04;0.08;;31.78
Cenoura, cozida;30;0.85;6.69;;91.66;0;Verduras, hortaliças e derivados;124.94;0.22;;2.63;0.58;25.62;14.48;0.05;26.74;0.09;7.88;175.51;0.02;0.23;;612;306;0.07;;0.06;2.68;
Cenoura, crua;34;1.32;7.66;;90.08;0;Verduras, hortaliças e derivados;142.82;0.17;;3.18;0.87;22.54;11.23;0.05;27.85;0.18;3.33;314.81;0.05;0.22;;1326;663;;;0.05;;5.12
Chicória, crua;14;1.14;2.85;;95.14;0;Verduras, hortaliças e derivados;57.89;0.14;;2.2;0.82;44.83;14.14;0.13;13.38;0.45;13.52;424.9;0.04;0.09;;;;0.03;0.1;;0.68;6.54
Chuchu, cozido;19;0.41;4.79;;94.56;0;Verduras, hortaliças e derivados;77.57;;;1.04;0.18;7.83;6.93;0.07;12.81;0.06;1.81;54.35;;0.09;;;;0.03;;;;5.57
Chuchu, cru;17;0.7;4.14;;94.84;0;Verduras, hortaliças e derivados;71.04;0.06;;1.28;0.27;11.51;7.23;0.08;17.74;0.17;;125.99;0.03;0.1;; ; ;;;;;10.61
Coentro, folhas desidratadas;309;20.88;47.96;;10.63;0;Verduras, hortaliças e derivados;1293.15;10.39;;37.29;10.15;783.81;392.79;10.48;388.06;81.43;18.26;3222.77;4.09;4.7;;;;0.1;0.11;0.09;;40.77
Couve, manteiga, crua;27;2.87;4.33;;90.9;0;Verduras, hortaliças e derivados;113.21;0.55;;3.12;1.35;130.87;34.66;1.02;48.67;0.45;6.17;403.45;0.06;0.4;;496;248;0.2;0.31;0.06;2.29;96.68
Couve, manteiga, refogada ;90;1.67;8.71;;81.53;0;Verduras, hortaliças e derivados;378;6.59;;5.74;1.5;177.33;26.2;0.12;33.41;0.5;11.45;314.89;0.02;0.19;;384;192;;0.05;0.07;;76.94
Couve-flor, crua;23;1.91;4.52;;92.77;0;Verduras, hortaliças e derivados;94.41;0.21;;2.35;0.59;17.82;11.99;0.16;57.08;0.53;3.44;256.01;0.03;0.31;;2;1;0.03;0.09;0.1;;36.05
Couve-flor, cozida;19;1.24;3.88;;94.34;0;Verduras, hortaliças e derivados;79.97;0.27;;2.13;0.28;16.14;5.44;0.1;25.43;0.13;1.79;80.49;;0.26;;;;0.04;;;;23.7
Espinafre, Nova Zelândia, cru;16;2;2.57;;94.03;0;Verduras, hortaliças e derivados;67.34;0.24;;2.1;1.16;97.51;81.64;0.71;25.43;0.36;17.09;336.01;0.06;0.27;;484;242;0.1;0.21;0.06;;2.42
Espinafre, Nova Zelândia, refogado;67;2.72;4.24;;86.57;0;Verduras, hortaliças e derivados;281.39;5.43;;2.52;1.04;112.38;122.71;0.61;33.51;0.65;47.02;149.23;0.04;0.59;;623.83;311.92;0.08;0.13;0.13;;5.27
Farinha, de mandioca, crua;361;1.55;87.9;;9.39;0;Verduras, hortaliças e derivados;1509.88;0.28;;6.39;0.88;64.87;37;;41.61;1.09;1.02;340.13;0.08;0.39;;;;0.14;;0.04;;
Farinha, de mandioca, torrada;365;1.23;89.19;;8.34;0;Verduras, hortaliças e derivados;1528.29;0.29;;6.54;0.95;75.53;40.01;0.37;38.63;1.19;10.31;327.74;;0.36;;;;;;0.81;;
Farinha, de puba;360;1.62;87.29;;9.8;0;Verduras, hortaliças e derivados;1506.99;0.47;;4.24;0.83;41.4;27.49;0.16;32.64;1.43;3.61;337.76;0.07;0.34;;;;0.09;;;;
Fécula, de mandioca;331;0.52;81.15;;17.77;0;Verduras, hortaliças e derivados;1384.28;0.28;;0.65;0.28;11.89;3.02;;60.39;0.11;2.45;48.13;;;;;;0.03;;;;
Feijão, broto, cru;39;4.17;7.76;;87.48;0;Verduras, hortaliças e derivados;162.02;0.1;;1.97;0.49;14.48;25.13;0.19;74.75;0.82;1.79;189.22;0.17;0.57;;;;;0.04;0.15;;12
Inhame, cru;97;2.05;23.23;;73.31;0;Verduras, hortaliças e derivados;404.59;0.21;;1.65;1.19;11.8;28.76;0.15;64.72;0.36;;567.74;0.17;0.3;;;;0.08;;0.11;;5.62
Jiló, cru;27;1.4;6.19;;91.63;0;Verduras, hortaliças e derivados;114.5;0.22;;4.83;0.56;19.97;20.63;0.14;29.02;0.34;;212.95;0.07;0.14;;12.67;6.33;0.07;0.04;;;6.79
Jurubeba, crua;126;4.41;23.06;;66.64;0;Verduras, hortaliças e derivados;526.4;3.91;;23.92;1.98;151.02;65.32;0.52;155.12;0.95;0.77;619.4;1.16;0.63;;;;0.13;0.02;0.2;;13.83
Mandioca, cozida;125;0.58;30.09;;68.69;0;Verduras, hortaliças e derivados;524.5;0.3;;1.56;0.35;18.63;26.82;0.06;22.41;0.07;0.91;100.36;0.01;0.17;;;;0.06;;0.03;;11.07
Mandioca, crua;151;1.13;36.17;;61.84;0;Verduras, hortaliças e derivados;633.53;0.3;;1.88;0.56;15.19;44.5;0.05;29.43;0.27;2.15;208.06;0.07;0.2;;;;;;0.04;;16.53
Mandioca, farofa, temperada;406;2.06;80.3;;6.42;0;Verduras, hortaliças e derivados;1697.42;9.12;;7.82;2.09;65.69;34.34;0.29;44.52;1.36;574.51;201.38;;0.17;;;;0.1;;0.15;;
Mandioca, frita;300;1.38;50.25;;36.57;0;Verduras, hortaliças e derivados;1255.43;11.2;;1.87;0.61;23.05;94.87;0.18;56.54;0.32;8.94;176.06;0.12;0.44;;;;0.05;;0.04;;
Manjericão, cru;21;1.99;3.64;;92.96;0;Verduras, hortaliças e derivados;88.48;0.39;;3.31;1.02;210.92;57.81;0.17;39.92;0.97;3.89;251.55;0.16;0.46;;1034.83;517.42;0.06;0.21;0.06;0.9;2.34
Maxixe, cru;14;1.39;2.73;;95.06;0;Verduras, hortaliças e derivados;57.52;0.07;;2.19;0.75;20.87;9.61;0.07;24.98;0.35;10.99;327.7;0.02;0.18;;5.5;2.75;0.06;0.02;0.04;;9.63
Mostarda, folha, crua;18;2.11;3.24;;93.43;0;Verduras, hortaliças e derivados;75.76;0.17;;1.89;1.06;68.18;15.62;0.14;58.4;1.1;2.88;363.57;0.05;0.28;;;;0.05;0.04;0.05;;38.55
Nhoque, batata, cozido;181;5.86;36.78;;54.95;0;Verduras, hortaliças e derivados;756.36;1.94;15.08;1.78;0.46;11.42;17.9;0.3;68.37;1.65;7.07;163.7;0.1;0.48;15.47;;;0.08;;0.04;;
Nabo, cru;18;1.2;4.15;;93.84;0;Verduras, hortaliças e derivados;76.09;0.05;;2.64;0.75;42.39;14.6;4.42;16.57;0.22;2.46;279.65;0.02;0.19;;;;0.07;;0.03;;9.55
Palmito, juçara, em conserva;23;1.79;4.33;;91.37;0;Verduras, hortaliças e derivados;97.07;0.4;;3.15;2.11;58.29;33.7;10.82;40.26;0.3;513.82;243.97;0.23;0.73;;;;0.06;0.04;;;1.98
Palmito, pupunha, em conserva;29;2.46;5.51;;89.44;0;Verduras, hortaliças e derivados;123.14;0.45;;2.55;2.14;32.44;25.49;0.14;54.96;0.18;562.69;206.42;0.08;0.36;;;;0.03;;;;8.66
Pão, de queijo, assado;363;5.12;34.24;;33.74;0;Verduras, hortaliças e derivados;1519.12;24.57;67.73;0.56;2.33;102.49;8.24;0.03;93.74;0.28;773.49;93.09;0.01;0.63;61.31;;;0.04;0.1;0.04;; 
Pão, de queijo, cru;295;3.65;38.51;;41.84;0;Verduras, hortaliças e derivados;1232.35;13.99;63.05;0.98;2.01;87.56;6.83;;78.84;0.29;404.99;58.08;;0.43;47.5;;;;0.08;;; 
Pepino, cru;10;0.87;2.04;;96.79;0;Verduras, hortaliças e derivados;39.89;;;1.12;0.29;9.62;9.34;0.08;12.32;0.15;;153.69;0.04;0.13;;3.58;1.79;;0.03;;;4.99
Pimentão, amarelo, cru;28;1.22;5.96;;91.88;0;Verduras, hortaliças e derivados;116.85;0.44;;1.92;0.5;9.61;10.9;0.08;22.38;0.41;;221.33;0.04;0.15;;40;20;0.04;0.03;0.06;;201.36
Pimentão, verde, cru;21;1.05;4.89;;93.52;0;Verduras, hortaliças e derivados;89.06;0.15;;2.56;0.39;8.76;7.79;0.14;16.51;0.41;;174.33;0.07;0.14;;46;23;;;;;100.21
Pimentão, vermelho, cru;23;1.04;5.47;;92.9;0;Verduras, hortaliças e derivados;97.41;0.15;;1.59;0.44;6.37;11.13;0.06;19.96;0.33;;210.92;0.04;0.15;;86;43;0.05;0.06;0.02;;158.21
Polvilho, doce;351;0.43;86.77;;12.58;0;Verduras, hortaliças e derivados;1469.53;;;0.24;0.17;27.41;4.1;0.09;8.38;0.51;1.58;37.63;;;;;;;;;;
Quiabo, cru;30;1.92;6.37;;90.58;0;Verduras, hortaliças e derivados;125.27;0.3;;4.55;0.83;112.16;49.97;0.46;55.83;0.37;0.89;248.8;0.17;0.59;;49.31;24.65;0.1;;0.03;;5.6
Rabanete, cru;14;1.39;2.73;;95.06;0;Verduras, hortaliças e derivados;57.48;0.07;;2.19;0.75;20.87;9.61;0.07;24.98;0.35;10.99;327.7;0.02;0.18;;;;0.06;0.02;0.04;;9.63
Repolho, branco, cru;17;0.88;3.86;;94.72;0;Verduras, hortaliças e derivados;71.63;0.14;;1.89;0.4;34.55;8.51;0.13;14.2;0.15;3.64;150.09;0.02;0.15;;6;3;;0.03;0.06;;18.72
Repolho, roxo, cru;31;1.91;7.2;;90.08;0;Verduras, hortaliças e derivados;129.32;0.06;;1.97;0.74;43.67;18.02;0.25;57.71;0.52;2.34;328.07;0.9;0.25;;;;0.07;;0.09;;43.2
Repolho, roxo, refogado;42;1.8;7.56;;88.7;0;Verduras, hortaliças e derivados;174.78;1.24;;1.75;0.7;42.59;17.25;0.26;59.38;0.47;3.42;321.45;0.02;0.26;;;;0.07;;0.07;0.63;40.52
Rúcula, crua;13;1.77;2.22;;94.82;0;Verduras, hortaliças e derivados;54.95;0.11;;1.74;1.09;116.56;17.79;0.24;25.17;0.94;9.42;233.4;0.04;0.23;;532.75;266.38;0.04;;;0.35;46.29
Salsa, crua;33;3.26;5.71;;88.65;0;Verduras, hortaliças e derivados;139.85;0.61;;1.85;1.78;179.41;20.9;1.88;49.35;3.18;2.3;711.3;0.2;1.32;;1743.25;871.63;0.12;0.15;0.47;0.72;51.69
Seleta de legumes, enlatada;57;3.42;12.67;;82.15;0;Verduras, hortaliças e derivados;236.54;0.35;;3.09;1.41;16.16;15.61;0.13;49.03;1.06;398.14;122.21;0.08;0.53;;244.17;122.08;0.03;;;3.72;
Serralha, crua;30;2.67;4.95;;90.25;0;Verduras, hortaliças e derivados;127.18;0.74;;3.52;1.39;126.02;29.55;0.23;48.26;1.27;19.35;265.27;0.2;1.33;;1134;567;;0.11;0.08;;1.51
Taioba, crua;34;2.9;5.43;;89.24;0;Verduras, hortaliças e derivados;143.13;0.93;;4.45;1.5;141.09;37.92;0.66;52.76;1.91;1.16;290.32;0.16;0.61;;1160;580;;0.1;0.1;;17.94
Tomate, com semente, cru;15;1.1;3.14;;95.13;0;Verduras, hortaliças e derivados;64.16;0.17;;1.17;0.46;6.94;10.54;0.07;20.19;0.24;1.02;222.39;0.04;0.14;;54;27;0.12;;0.02;;21.21
Tomate, extrato;61;2.43;14.96;;79.66;0;Verduras, hortaliças e derivados;254.95;0.19;;2.8;2.75;29.08;29.33;0.18;47.16;2.09;497.93;679.91;0.2;0.37;;166;83;;;0.11;2.42;18.01
Tomate, molho industrializado;38;1.38;7.71;;88.14;0;Verduras, hortaliças e derivados;160.86;0.9;;3.12;1.87;11.73;16.79;0.08;27.21;1.58;418.28;388.2;0.08;0.13;;76;38;;;0.06;;2.71
Tomate, purê;28;1.36;6.89;;90.79;0;Verduras, hortaliças e derivados;116.89;;;1.03;0.95;13.24;15.44; ;30.01;1.25;103.93;308.24;0.09;0.33;;90;45;;;0.07;1.18;5.38
Tomate, salada;21;0.81;5.12;;93.63;0;Verduras, hortaliças e derivados;85.97;;;2.27;0.4;6.95;9.5;0.04;23.38;0.29;5.24;161.16;0.07;0.17;;;;0.06;0.04;0.05;;12.8
Vagem, crua;25;1.79;5.35;;92.17;0;Verduras, hortaliças e derivados;104.17;0.17;;2.38;0.53;41.1;17.83;0.5;27.99;0.43;;208.2;0.06;0.33;;32.08;16.04;;0.08;;;1.15
Abacate, cru;96;1.24;6.03;;83.79;0;Frutas e derivados;402.31;8.4;;6.31;0.55;7.92;14.68;0.17;21.95;0.21;;206.26;0.15;0.22;;;;;0.04;;;8.66
Abacaxi, cru;48;0.86;12.33;;86.32;0;Frutas e derivados;202.18;0.12;;0.99;0.37;22.43;18.44;1.62;12.78;0.26;;131.34;0.11;0.14;;;;0.17;0.02;;;34.62
Abacaxi, polpa, congelada;31;0.47;7.8;;91.29;0;Frutas e derivados;128;0.11;;0.33;0.33;13.54;10.07;1.02;7.63;0.36;1.24;106.68;0.04;0.06;;2.26;1.13;0.05;;;;1.25
Abiu, cru;62;0.83;14.93;;83.14;0;Frutas e derivados;261.18;0.7;;1.7;0.39;5.78;9.3;0.08;20.29;0.16;;128.34;0.09;0.1;;;;;0.04;0.05;;10.28
Açaí, polpa, com xarope de guaraná e glucose;110;0.72;21.46;;73.88;0;Frutas e derivados;461.49;3.66;;1.72;0.29;22.16;12.73;3.29;10.79;0.27;15.1;75.49;0.14;0.19;;;;;;0.07;;10.27
Açaí, polpa, congelada;58;0.8;6.21;;88.7;0;Frutas e derivados;242.86;3.94;;2.55;0.35;35.18;17.04;6.16;16.43;0.43;5.18;123.62;0.18;0.27;;;;;0.04;0.07;;
Acerola, crua;33;0.91;7.97;;90.53;0;Frutas e derivados;140.01;0.21;;1.51;0.39;12.55;13.13;0.07;9.24;0.22;;164.99;0.07;0.15;;247;123.5;;0.04;;1.38;941.37
Acerola, polpa, congelada;22;0.59;5.54;;93.61;0;Frutas e derivados;91.78;;;0.7;0.26;7.59;8.66;0.03;12.86;0.17;1.28;111.99;0.04;0.07;;192;96;;0.1;;;623.24
Ameixa, calda, enlatada ;183;0.41;46.89;;52.17;0;Frutas e derivados;765.03;;;0.52;0.53;13.15;9.96;0.1;20.94;2.15;2.7;221.19;0.03;0.14;;;;;0.23;0.37;;4.27
Ameixa, crua;53;0.77;13.85;;84.77;0;Frutas e derivados;219.84;;;2.43;0.6;5.72;5.48;0.03;13.92;0.1;;134.05;0.06;0.05;;27.21;13.6;0.07;;0.03;;7.63
Ameixa, em calda, enlatada, drenada ;177;1.03;47.66;;50.34;0;Frutas e derivados;742.07;0.28;;4.55;0.7;39.24;14.49;0.2;26.07;2.7;2.79;263.26;0.16;0.2;;;;;0.22;0.08;;5.15
Atemóia, crua;97;0.97;25.33;;72.74;0;Frutas e derivados;405.73;0.3;;2.14;0.66;22.77;24.84;0.16;23.36;0.16;0.79;300.01;0.17;0.19;;;;0.09;0.07;0.07;1.58;10.15
Banana, da terra, crua;128;1.43;33.67;;63.88;0;Frutas e derivados;535.65;0.24;;1.53;0.78;4.15;23.79;0.16;25.52;0.29;;328.03;0.05;0.16;;238.83;119.42;0.03;0.02;0.14;;15.75
Banana, doce em barra;280;2.17;75.67;;21.13;0;Frutas e derivados;1171.96;0.05;;3.83;0.99;11.95;49.19;0.84;36.88;0.61;9.88;518.25;0.16;0.3;;27.36;13.68;0.03;;0.06;1.41;
Banana, figo, crua;105;1.13;27.8;;70.07;0;Frutas e derivados;439.67;0.14;;2.8;0.85;6.36;30.16;0.21;15.82;0.2;;386.59;0.06;0.12;;;;0.09;;0.03;;17.5
Banana, maçã, crua;87;1.75;22.34;;75.23;0;Frutas e derivados;363.19;0.06;;2.59;0.62;3.22;23.69;0.6;28.68;0.2;;264.39;0.11;0.12;;6.42;3.21;;;0.14;;10.47
Banana, nanica, crua;92;1.4;23.85;;73.8;0;Frutas e derivados;382.96;0.12;;1.95;0.84;3.42;27.8;0.14;26.72;0.35;;376.47;0.1;0.18;;13.63;6.81;;0.02;0.14;;5.86
Banana, ouro, crua;112;1.48;29.34;;68.18;0;Frutas e derivados;470.14;0.21;;1.95;0.79;3.19;28.38;0.09;22.27;0.34;;354.81;0.08;0.26;;49.71;24.85;;;0.14;;7.56
Banana, pacova, crua;78;1.23;20.31;;77.71;0;Frutas e derivados;325.97;0.08;;2.03;0.67;5.49;30.41;0.41;19.75;0.37;0.94;267.35;0.06;0.14;;;;0.05;0.03;0.17;;
Banana, prata, crua;98;1.27;25.96;;71.86;0;Frutas e derivados;411.08;0.07;;2.04;0.85;7.56;26.29;0.42;22.2;0.38;;357.68;0.05;0.15;;32.42;16.21;;0.02;0.1;;21.59
Cacau, cru;74;0.95;19.41;;79.21;0;Frutas e derivados;310.84;0.14;;2.19;0.28;12.1;24.62;0.04;9.34;0.26;0.7;71.64;0.15;0.59;;;;0.25;;0.04;;13.56
Cajá-Manga, cru;46;1.28;11.43;;86.89;0;Frutas e derivados;190.71;;;2.58;0.38;12.74;11.28;0.05;24.47;0.15;1.44;119.4;0.02;0.18;;;;0.11;;0.05;;26.7
Cajá, polpa, congelada;26;0.59;6.37;;92.44;0;Frutas e derivados;110.17;0.17;;1.36;0.42;9.16;7.17;0.07;25.66;0.32;6.95;148.08;0.1;0.05;;106;53;0.04;;;;
Caju, cru;43;0.97;10.29;;88.11;0;Frutas e derivados;180.18;0.33;;1.68;0.3;1.42;10.11;0.12;15.64;0.15;2.97;123.86;0.07;0.09;;14.67;7.33;;;;;219.33
Caju, polpa, congelada;37;0.48;9.35;;89.82;0;Frutas e derivados;153;0.15;;0.81;0.2;0.84;7.07;0.05;9.77;0.15;4.16;87.66;0.07;0.08;;22;11;;0.02;;2.25;119.72
Caju, suco concentrado, envasado;45;0.4;10.73;;88.37;0;Frutas e derivados;188.73;0.2;;0.63;0.29;0.98;8.45;0.06;11.4;0.15;45.04;106.99;0.04;0.07;;10;5;;0.03;;;138.7
Caqui, chocolate, cru;71;0.36;19.33;;79.72;0;Frutas e derivados;298.53;0.07;;6.52;0.52;17.85;8.55;0.39;18.43;0.1;2.18;163.55;;0.19;;;;;;0.03;;29.61
Carambola, crua;46;0.87;11.48;;87.1;0;Frutas e derivados;191.38;0.18;;2.03;0.37;4.79;7.36;0.13;10.75;0.2;4.09;132.58;0.08;0.24;;;;0.12;;;;60.87
Ciriguela, crua;76;1.4;18.86;;78.69;0;Frutas e derivados;316.29;0.36;;3.9;0.7;27.41;17.96;0.06;48.6;0.36;1.68;248.01;0.12;0.53;;;;0.14;;;;27.03
Cupuaçu, cru;49;1.16;10.43;;86.23;0;Frutas e derivados;206.78;0.95;;3.12;1.22;13.12;18.17;0.07;21.28;0.49;3.2;331.03;0.07;0.34;;;;0.37;0.04;0.07;4.34;24.51
Cupuaçu, polpa, congelada;49;0.84;11.39;;86.55;0;Frutas e derivados;204.17;0.59;;1.59;0.62;5.49;13.91;0.17;14.2;0.26;0.69;291.09;0.14;0.15;;;;0.07;0.07;0.05;;10.49
Figo, cru;41;0.97;10.25;;88.19;0;Frutas e derivados;173.41;0.16;;1.79;0.44;27.39;11.31;0.06;14.57;0.2;;174.42;0.13;0.09;;;;0.05;;;;0.79
Figo, enlatado, em calda;184;0.56;50.34;;48.77;0;Frutas e derivados;771.37;0.15;;1.98;0.18;32.62;6.85;0.16;6.25;0.5;6.87;39.35;0.25;0.09;;;;;;;;5.24
Fruta-pão, crua;67;1.08;17.17;;80.87;0;Frutas e derivados;280.52;0.19;;5.55;0.69;33.68;24.03;0.04;27.39;0.23;0.8;188.13;0.07;0.13;;;;0.03;;;;9.87
Goiaba, branca, com casca, crua;52;0.9;12.4;;85.69;0;Frutas e derivados;216.47;0.49;;6.33;0.52;5.01;7.04;0.07;16.4;0.17;;219.77;0.04;0.16;;;;;;0.03;;99.2
Goiaba, doce em pasta;269;0.58;74.12;;24.78;0;Frutas e derivados;1125.33;0;;3.73;0.52;10.06;6.49;0.11;53.57;0.4;3.7;164.81;0.06;0.09;;136.42;68.21;0.07;;;;23.06
Goiaba, doce, cascão;286;0.41;78.7;;20.26;0;Frutas e derivados;1194.9;0.1;;4.37;0.52;14.7;9.67;0.16;28.2;0.4;11.03;250.72;0.08;0.14;;50.33;25.17;;;;1.41;34.33
Goiaba, vermelha, com casca, crua;54;1.09;13.01;;84.98;0;Frutas e derivados;226.65;0.44;;6.22;0.48;4.45;6.89;0.09;15.37;0.17;;197.58;0.04;0.13;;38;19;;;0.03;;80.6
Graviola, crua;62;0.85;15.84;;82.15;0;Frutas e derivados;257.83;0.21;;1.91;0.95;40.12;23.5;0.08;19.17;0.17;4.16;249.67;0.04;0.13;;;;0.17;0.12;0.03;;19.14
Graviola, polpa, congelada;38;0.57;9.78;;89.16;0;Frutas e derivados;160.14;0.14;;1.19;0.35;5.98;9.76;0.06;16.59;0.1;3.05;169.96;0.06;0.05;;;;;0.09;;;10.48
Jabuticaba, crua;58;0.61;15.26;;83.65;0;Frutas e derivados;242.89;0.13;;2.3;0.36;8.35;17.78;0.3;14.55;0.09;;129.72;0.07;0.28;;;;0.06;;;;16.17
Jaca, crua;88;1.4;22.5;;75.07;0;Frutas e derivados;367.86;0.27;;2.39;0.76;11.25;40.05;0.48;13.9;0.38;1.8;233.75;0.09;0.17;;;;0.1;0.04;0.05;;14.82
Jambo, cru;27;0.89;6.49;;92.1;0;Frutas e derivados;112.6;0.07;;5.07;0.45;13.8;14.18;0.05;18.36;0.14;21.66;134.87;0.02;0.11;;;;0.08;;;1.18;3.77
Jamelão, cru;41;0.55;10.63;;87.67;0;Frutas e derivados;171.58;0.11;;1.78;1.04;3.09;2.16;;4.12;0.05;1.37;394.34;0.03;0.05;;7.52;3.76;0.17;;0.12;;27.07
Kiwi, cru;51;1.34;11.5;;85.88;0;Frutas e derivados;213.95;0.63;;2.65;0.66;23.91;10.58;0.05;33.08;0.25;;268.92;0.15;0.07;;5.42;2.71;;;0.06;;70.78
Laranja, baía, crua;45;0.98;11.47;;87.08;0;Frutas e derivados;190.11;0.1;;1.12;0.37;35.41;9.22;0.04;23.8;0.14;;174.15;0.04;0.06;;3.88;1.94;0.06;0.02;;;56.87
Laranja, baía, suco;37;0.65;8.7;;90.25;0;Frutas e derivados;153.34;;;;0.36;5.93;7.8;0.02;21.93;0.06;;172.56;0.02;;;4;2;0.03;;0.02;;94.48
Laranja, da terra, crua;51;1.08;12.86;;85.38;0;Frutas e derivados;215.36;0.19;;3.98;0.5;51.08;14.06;0.04;20.12;0.15;0.83;172.52;0.04;0.22;;;;0.07;0.09;0.03;;34.68
Laranja, da terra, suco;41;0.67;9.57;;89.22;0;Frutas e derivados;171.36;0.14;;1.03;0.4;13.39;10.11;0.02;14.89;0.09;;145.24;0.02;0.07;;4.46;2.23;0.04;;0.04;;44.32
Laranja, lima, crua;46;1.06;11.53;;86.97;0;Frutas e derivados;191.21;0.08;;1.78;0.36;31.47;10.16;0.05;14.51;0.12;1.11;129.87;0.03;0.12;;;;0.09;0.05;0.04;;43.46
Laranja, lima, suco;39;0.71;9.17;;89.68;0;Frutas e derivados;164.58;0.12;;0.42;0.32;7.74;10.89;0.02;16.24;;;128.74;0.02;0.03;;;;0.1;0.03;0.04;;41.3
Laranja, pêra, crua;37;1.04;8.95;;89.55;0;Frutas e derivados;153.86;0.13;;0.77;0.33;21.89;8.61;0.05;22.68;0.09;;162.82;0.03;0.06;;0.92;0.46;0.07;0.02;0.02;;53.73
Laranja, pêra, suco;33;0.74;7.55;;91.29;0;Frutas e derivados;136.86;0.07;;;0.34;7.37;7.59;0.03;14.01;;;148.76;0.01;;;1.21;0.6;;;;;73.34
Laranja, valência, crua;46;0.77;11.72;;86.94;0;Frutas e derivados;192.92;0.16;;1.73;0.41;33.74;14.4;0.06;19.77;0.09;0.63;157.9;0.04;0.11;;;;0.07;0.04;0.03;;47.85
Laranja, valência, suco;36;0.48;8.55;;90.53;0;Frutas e derivados;151.45;0.12;;0.42;0.31;9.08;9.59;0.03;17.27;;;143.42;0.02;;;2;1;;;0.03;;
Limão, cravo, suco;14;0.33;5.25;;94.19;0;Frutas e derivados;59.01;;;;0.24;10.18;8.86;0.03;11.13;0.08;;119.88;0.03;;;31.42;15.71;;;;;32.78
Limão, galego, suco;22;0.57;7.32;;91.8;0;Frutas e derivados;92.99;0.07;;;0.25;5.26;5.92;0.01;13.04;0.05;;112.51;0.02;0.05;;;;;;0.03;;34.5
Limão, tahiti, cru;32;0.94;11.08;;87.43;0;Frutas e derivados;133.13;0.14;;1.18;0.41;50.98;9.7;0.07;23.76;0.18;1.25;128.29;0.06;0.21;;;;0.3;0.04;;;38.24
Maçã, Argentina, com casca, crua;63;0.23;16.59;;82.65;0;Frutas e derivados;261.63;0.25;;2.03;0.29;3.39;4.86;0.01;11.4;0.05;1.32;117.48;0.03;;;;;0.05;;;;1.49
Maçã, Fuji, com casca, crua;56;0.29;15.15;;84.34;0;Frutas e derivados;232.28;;;1.35;0.22;1.92;2.04;0.03;9.08;0.09;;74.71;0.06;;;3.5;1.75;;;0.03;;2.41
Macaúba, crua;404;2.08;13.95;;41.53;0;Frutas e derivados;1691.52;40.66;;13.44;1.79;66.53;66.05;0.08;43.87;0.81;0.65;305.81;0.35;0.66;;1020;510;0.11;0.11;0.03;;13.44
 Mamão, doce em calda, drenado;196;0.19;54;;45.53;0;Frutas e derivados;818.51;0.07;;1.31;0.21;20.01;5.81;0.02;4.48;0.11;2.91;68.24;0.02;0.07;;;;0.03;;;;3.9
Mamão, Formosa, cru;45;0.82;11.55;;86.93;0;Frutas e derivados;189.71;0.12;;1.81;0.58;24.87;17.32;0.04;10.86;0.23;3.26;221.8;1.36;0.07;;148;74;0.03;0.03;;;78.53
Mamão, Papaia, cru;40;0.46;10.44;;88.58;0;Frutas e derivados;168.02;0.12;;1.04;0.4;22.42;22.18;0.01;10.67;0.19;1.63;126.15;0.02;0.07;;118;59;0.03;0.04;;1.03;82.21
 Mamão verde, doce em calda, drenado;209;0.32;57.64;;41.88;0;Frutas e derivados;876.03;0.1;;1.23;0.07;12.44;4.54;0.04;3.23;0.15;4.74;8.67;0.02;0.02;;;;;;;;
Manga, Haden, crua;64;0.41;16.66;;82.29;0;Frutas e derivados;265.69;0.26;;1.58;0.39;11.66;7.82;0.17;9.3;0.1;0.55;147.88;0.1;0.07;;162;81;0.02;0.06;0.05;;17.41
Manga, Palmer, crua;72;0.41;19.35;;79.74;0;Frutas e derivados;303.28;0.17;;1.63;0.33;11.64;8.73;0.05;14.01;0.09;1.86;156.53;0.09;0.09;;786.92;393.46;0.09;0.03;;;65.52
Manga, polpa, congelada;48;0.38;12.52;;86.5;0;Frutas e derivados;202.11;0.23;;1.07;0.37;7.12;9.49;0.12;9.11;0.09;6.73;131.37;0.06;0.07;;;;;0.07;0.03;;24.9
Manga, Tommy Atkins, crua;51;0.86;12.77;;85.81;0;Frutas e derivados;212.1;0.22;;2.07;0.34;7.64;7.4;0.34;13.78;0.08;;138.37;0.06;0.08;;118;59;;0.04;0.03;;7.94
Maracujá, cru;68;1.99;12.26;;82.85;0;Frutas e derivados;286.35;2.1;;1.14;0.79;5.39;27.97;0.12;50.69;0.56;1.58;338.42;0.19;0.39;;114;57;;0.05;0.05;;19.84
Maracujá, polpa, congelada;39;0.81;9.6;;88.9;0;Frutas e derivados;162.17;0.18;;0.51;0.52;4.61;9.7;0.07;15.26;0.29;8.1;227.91;0.05;0.19;;;;;0.09;0.06;;7.26
Maracujá, suco concentrado, envasado;42;0.77;9.64;;88.94;0;Frutas e derivados;175.59;0.19;;0.35;0.46;4.16;4.16;0.07;13.9;0.35;21.69;200.7;0.05;0.14;;;;;0.08;0.05;1.92;13.68
Melancia, crua;33;0.88;8.14;;90.67;0;Frutas e derivados;136.43;;;0.12;0.27;7.72;9.63;0.14;12.18;0.23;;104.03;0.04;0.1;;61;30.5;;;;;6.15
Melão, cru;29;0.68;7.53;;91.28;0;Frutas e derivados;122.88;;;0.25;0.52;2.86;5.95;0.05;10.14;0.23;11.17;216;0.04;0.09;;2;1;;;0.02;;8.68
Mexerica, Murcote, crua;58;0.88;14.86;;83.65;0;Frutas e derivados;240.97;0.13;;3.07;0.47;33.07;12.3;0.05;19.5;0.07;1.17;158.54;0.06;0.1;;;;0.08;0.07;0.05;;21.8
Mexerica, Rio, crua;37;0.65;9.34;;89.57;0;Frutas e derivados;154.27;0.13;;2.73;0.32;17.18;8.21;0.05;13.7;0.09;1.82;124.99;0.07;0.15;;;;0.03;;;;111.97
Morango, cru;30;0.89;6.82;;91.53;0;Frutas e derivados;126.14;0.31;;1.72;0.45;10.9;9.67;0.33;22.43;0.32;;184.4;0.06;0.18;;;;;0.03;0.03;;63.6
Nêspera, crua;43;0.31;11.53;;87.76;0;Frutas e derivados;177.98;;;2.96;0.4;19.69;9.72;0.07;10.08;0.15;;112.85;0.12;0.12;;170;85;;;;;3.16
Pequi, cru;205;2.34;12.97;;65.89;0;Frutas e derivados;857.58;17.97;;19.04;0.83;32.44;29.77;0.64;33.75;0.27;;297.79;0.21;0.96;;60;30;0.17;0.48;0.06;2.57;8.28
Pêra, Park, crua;61;0.24;16.07;;83.19;0;Frutas e derivados;253.5;0.23;;2.98;0.27;8.71;6.12;0.04;11.71;0.32;0.98;102.22;0.08;0.07;;;;0.06;;;;2.36
Pêra, Williams, crua;53;0.57;14.02;;85.03;0;Frutas e derivados;223.05;0.11;;3.01;0.27;8.28;5.78;0.04;11.77;0.09;;115.87;0.07;0.08;; ; ;;;;;2.83
Pêssego, Aurora, cru;36;0.83;9.32;;89.32;0;Frutas e derivados;151.99;;;1.42;0.53;3.23;4.44;0.05;15.44;0.22;;123.79;0.02;0.06;;;;0.05;;;;3.25
Pêssego, enlatado, em calda;63;0.71;16.88;;82.19;0;Frutas e derivados;264.19;;;1.02;0.23;4.1;4.04;0.03;8.81;0.6;3.2;94.72;0.04;0.09;;47.54;23.77;;;;;
Pinha, crua;88;1.49;22.45;;75.05;0;Frutas e derivados;370.17;0.32;;3.36;0.7;20.88;30.54;0.15;34.4;0.21;1.34;283.05;0.11;0.24;;;;0.12;0.04;0.09;;35.9
Pitanga, crua;41;0.93;10.24;;88.29;0;Frutas e derivados;173.28;0.17;;3.24;0.36;17.88;12.23;0.36;13.14;0.4;1.7;113.44;0.08;0.35;;154;77;0.03;0.1;;;24.87
Pitanga, polpa, congelada;19;0.29;4.76;;94.57;0;Frutas e derivados;79.94;0.12;;0.74;0.26;7.8;6.2;0.05;12.22;0.37;5.03;87.31;0.06;0.09;;145.54;72.77;;;;;
Romã, crua;56;0.4;15.11;;83.99;0;Frutas e derivados;233.21;;;0.44;0.5;4.75;12.7;0.13;40.27;0.26;0.59;484.57;0.19;0.67;;;;0.12;0.17;0.05;;8.12
Tamarindo, cru;276;3.21;72.53;;21.95;0;Frutas e derivados;1153.51;0.46;;6.45;1.86;37.1;59.11;0.34;54.59;0.55;0.36;722.99;0.29;0.67;;;;0.31;;0.1;;7.25
Tangerina, Poncã, crua;38;0.85;9.61;;89.22;0;Frutas e derivados;158.22;0.07;;0.94;0.31;12.89;7.73;0.04;12.45;0.11;;131.44;0.03;;;47.38;23.69;0.06;0.02;0.02;;48.82
Tangerina, Poncã, suco;36;0.52;8.8;;90.44;0;Frutas e derivados;150.98;;;;0.28;4.28;6.46;0.02;9.02;;;119;0.02;;;51.17;25.58;0.06;;0.03;;41.75
Tucumã, cru;262;2.09;26.47;;51.26;0;Frutas e derivados;1096.27;19.08;;12.65;1.09;46.34;121.01;0.55;52.55;0.57;3.89;401.17;0.39;0.87;;2362.64;1181.32;0.04;;0.11;;17.99
Umbu, cru;37;0.84;9.4;;89.25;0;Frutas e derivados;154.88;;;1.98;0.47;11.56;11.35;0.03;13.38;0.09;;151.83;0.04;0.42;;;;0.05;0.06;0.03;;24.06
Umbu, polpa, congelada;34;0.51;8.79;;90.19;0;Frutas e derivados;142.02;0.07;;1.34;0.45;10.71;8.12;0.05;12.68;0.21;5.77;153.88;0.04;0.07;;;;;0.06;;;3.95
Uva, Itália, crua;53;0.75;13.57;;84.97;0;Frutas e derivados;221.16;0.2;;0.92;0.57;6.66;4.98;0.13;12.12;0.14;;161.94;0.11;;;5.33;2.67;;;0.03;;3.29
Uva, Rubi, crua;49;0.61;12.7;;86.08;0;Frutas e derivados;205.27;0.16;;0.93;0.46;7.62;5.83;0.07;22.79;0.17;7.92;158.89;0.05;;;;;0.02;0.02;;;1.86
Uva, suco concentrado, envasado;58;;14.71;;85.13;0;Frutas e derivados;241.23;;;0.23;0.16;9.32;7.06;0.2;10.02;0.12;9.58;53.73;0.13;0.05;;;;0.07;0.02;0.05;;20.97
Azeite, de dendê;884;;;;;0;Gorduras e óleos;3698.66;100;;;;;;;;;;;;;;;;;;;;
Azeite, de oliva, extra virgem;884;;;;;0;Gorduras e óleos;3698.66;100;;;;;;;;;;;;;;;;;;;;
Manteiga, com sal;726;0.41;0.06;;15.79;0;Gorduras e óleos;3037.45;82.36;200.55;;1.37;9.42;1.47;;27.7;0.15;578.69;14.78;;;923.55;;;;;;;
Manteiga, sem sal;758;0.4;0;;13.63;0;Gorduras e óleos;3169.55;86.04;213.95;;0.05;3.61;1.43;;7.07;;3.85;5.2;0.04;;1013.09;;;;;;;
Margarina, com óleo hidrogenado, com sal (65% de lipídeos);596;;0;;32.23;0;Gorduras e óleos;2494.16;67.43;;;1.94;5.56;1.13;;7.26;0.09;894.04;21.42;;;462.12;;;;;;;
Margarina, com óleo hidrogenado, sem sal (80% de lipídeos);723;;0;;19.59;0;Gorduras e óleos;3023.05;81.73;;;0.16;2.6;0.54;;3.75;0.05;77.89;1.77;;;534.38;;;;;;;
Margarina, com óleo interesterificado, com sal (65%de lipídeos);594;;0;;31.97;0;Gorduras e óleos;2487.19;67.25;;;1.25;4.54;1.23;;5.97;;560.8;14.71;;;385.39;;;;;;;
Margarina, com óleo interesterificado, sem sal (65% de lipídeos);593;;0;;33.37;0;Gorduras e óleos;2481.69;67.1;;;0.1;4.96;1.15;;7.16;0.08;33.19;4.73;;;245.1;;;;;;;
Óleo, de babaçu;884;;;;;0;Gorduras e óleos;3698.66;100;;;;;;;;;;;;;;;;;;;;
Óleo, de canola;884;;;;;0;Gorduras e óleos;3698.66;100;;;;;;;;;;;;;;;;;;;;
Óleo, de girassol;884;;;;;0;Gorduras e óleos;3698.66;100;;;;;;;;;;;;;;;;;;;;
Óleo, de milho;884;;;;;0;Gorduras e óleos;3698.66;100;;;;;;;;;;;;;;;;;;;;
Óleo, de pequi;884;;;;;0;Gorduras e óleos;3698.66;100;;;;;;;;;;;;;;;;;;;;
Óleo, de soja;884;;;;;0;Gorduras e óleos;3698.66;100;;;;;;;;;;;;;;;;;;;;
Abadejo, filé, congelado, assado;112;23.53;0;;74.32;0;Pescados e frutos do mar;467;1.24;102.8;;1.65;22.61;20.25;;337.86;0.53;334.39;155.64;0.03;0.51;;;;;;;0.44;
Abadejo, filé, congelado,cozido;91;19.35;0;;79.73;0;Pescados e frutos do mar;381.18;0.94;86.86;;0.89;16.73;15.74;;350.7;0.33;189.34;145.67;0.03;0.44;;;;;;;;
Abadejo, filé, congelado, cru;59;13.08;0;;86.42;0;Pescados e frutos do mar;247.33;0.36;31.41;;0.63;10.17;14.5;0.01;90.54;0.11;78.52;148.35;0.14;0.39;;;;0.04;;;4.6;
Abadejo, filé, congelado, grelhado;130;27.61;0;;70.96;0;Pescados e frutos do mar;542.43;1.3;135.85;;1.59;20.17;22.11;;581.13;0.33;305.09;278.64;;0.44;5.69;5.69;5.69;0.03;;;0.44;
Atum, conserva em óleo;166;26.19;0;;64.5;0;Pescados e frutos do mar;694.17;6;52.94;;1.53;6.52;29.48;;211.01;1.23;362.15;279.86;0.04;0.59;;;;0.15;0.03;;3.17;
Atum, fresco, cru;118;25.68;0;;73.05;0;Pescados e frutos do mar;491.62;0.87;47.8;;1.31;6.69;32.23;;253.86;1.27;30.3;307.76;0.09;0.4;20.3;20.3;20;;0.04;;5.94;
Bacalhau, salgado, cru;136;29.04;0;;47.89;0;Pescados e frutos do mar;568.58;1.32;138.88;;22.5;156.97;49.47;0.03;186.21;0.85;13585.06;433.9;0.09;0.67;;;;;0.21;;;
Bacalhau, salgado, refogado;140;23.98;1.22;;65.91;0;Pescados e frutos do mar;584.34;3.61;111.97;;5.28;59.12;15.06;;51.34;0.15;1256.28;50.22;0.04;0.56;;;;0.03;0.05;;5.17;
Cação, posta, com farinha de trigo, frita;208;24.95;3.1;;60.62;0;Pescados e frutos do mar;871.66;9.95;74.91;0.54;1.37;30.44;25.51;0.06;461.57;1;160.03;419.89;;0.55;17.38;17.38;17.38;;;;0.77;
Cação, posta, cozida;116;25.59;0;;75.93;0;Pescados e frutos do mar;485.4;0.75;83.25;;1.18;10.32;21.12;;203.71;0.32;114.91;248.64;0.03;0.61;11.62;11.62;12;;0.04;;9.77;
Cação, posta, crua;83;17.85;0;;81.38;0;Pescados e frutos do mar;348.67;0.79;36.13;;1.24;8.7;19.3;0.04;181.45;0.2;176.02;299.02;0.13;0.32;6;6;6;0.04;;;1.31;
Camarão, Rio Grande, grande, cozido;90;18.97;0;;78.71;0;Pescados e frutos do mar;376.62;1;240.85;;1.73;89.74;18.91;0.06;265.85;1.28;366.55;101.74;0.17;1.24;;;;;;;1.07;
Camarão, Rio Grande, grande, cru;47;9.99;0;;89.13;0;Pescados e frutos do mar;197.42;0.5;123.99;;0.8;51.12;27.37;0.04;233.92;0.67;201.13;72.01;0.11;0.71;20;20;20;;;;;
Camarão, Sete Barbas, sem cabeça, com casca, frito;231;18.39;2.88;;61.04;0;Pescados e frutos do mar;967.53;15.62;283.14;;2.07;959.7;73.97;0.38;336.99;2.44;99.06;106.77;0.19;1.1;;;;0.05;;;0.35;
Caranguejo, cozido;83;18.48;0;;77;0;Pescados e frutos do mar;346.11;0.42;84.61;;3.55;357.15;52.23;0.07;153.69;2.86;360.11;185.83;0.72;5.65;;;;0.04;0.31;;4.17;
Corimba, cru;128;17.37;-0.03;;75.64;0;Pescados e frutos do mar;536.2;5.99;40.23;;1.03;40.05;22.77;0.02;190.07;0.5;47.01;316.74;0.03;0.4;;;;;;;1.87;
Corimbatá, assado;261;19.9;0;;59.93;0;Pescados e frutos do mar;1093.92;19.57;80.09;;0.96;22.3;24.21;0.01;220.64;0.97;40.43;326.5;0.03;0.75;;;;0.13;0.06;;2.7;
Corimbatá, cozido;239;20.13;0;;64.56;0;Pescados e frutos do mar;998.7;16.93;74.62;;0.84;64.69;22.83;0.02;185.27;0.62;37.17;253.99;0.05;0.95;;;;;;;2.09;
Corvina de água doce, crua;101;18.92;0;;79.25;0;Pescados e frutos do mar;422.62;2.24;73.11;;1.02;39.43;24.5;0.02;153.82;0.26;45.09;293.02;0.02;0.36;8.12;8.12;8.12;;0.08;;;
Corvina do mar, crua;94;18.57;0;;79.35;0;Pescados e frutos do mar;391.52;1.58;67.07;;1.08;;23.75;0.01;183.08;0.38;67.97;338.7;0.03;0.36;65.02;65.02;65.02;0.12;0.05;;2.62;
Corvina grande, assada;147;26.77;0;;69.03;0;Pescados e frutos do mar;613.07;3.57;117.05;;1.35;60.23;24.1;0.03;175.9;0.54;85.35;291.46;0.02;0.67;;;;0.11;0.1;;4.23;
Corvina grande, cozida;100;23.44;0;;73.61;0;Pescados e frutos do mar;418.73;2.56;122.56;;0.9;69.37;22.22;0.02;163.56;0.58;68.39;194.04;0.03;0.69;6.28;6.28;6.28;;0.03;;0.77;
Dourada de água doce, fresca;131;18.81;0;;76.16;0;Pescados e frutos do mar;548.98;5.64;51.99;;1.07;12.13;26.26;0.01;189.27;0.15;40.3;392.51;0.02;0.48;;;;;;;3.7;
Lambari, congelado, cru;131;16.81;0;;71.89;0;Pescados e frutos do mar;547.44;6.55;158.66;;3.57;1181.28;44.69;0.28;696.15;0.91;47.92;244.4;0.09;3.34;4.31;4.31;4.31;0.05;;;3.3;
Lambari, congelado, frito;327;28.43;0;;40.14;0;Pescados e frutos do mar;1367.62;22.78;246.32;;6.17;1881.04;66.29;0.34;1067.28;0.81;64.55;331.17;0.31;5.63;9.45;9.45;9.45;0.25;0.03;0.04;8.93;
Lambari, fresco, cru;152;15.65;0;;72.17;0;Pescados e frutos do mar;634.29;9.4;144.25;;2.21;590.27;31.61;0.41;440.93;0.63;41.11;207.36;0.05;2.42;;;;;0.03;0.07;1.86;
Manjuba, com farinha de trigo, frita;344;23.45;10.24;;41.31;0;Pescados e frutos do mar;1437.42;22.59;281.76;0.36;2.41;763.31;46.9;0.36;577.94;3.04;36.52;319.27;0.15;3.77;29.94;29.94;29.94;0.05;0.07;;0.79;
Manjuba, frita;349;30.14;0;;40.68;0;Pescados e frutos do mar;1461.58;24.46;270.34;;4.23;575.03;31.66;0.21;735.43;0.92;40.61;318.18;0.14;3.24;12.07;12.07;12.07;0.03;0.03;;7.27;
Merluza, filé, assado;122;26.6;0;;70.73;0;Pescados e frutos do mar;510.07;0.92;90.97;;1.24;35.91;20.27;0.03;273.2;0.37;119.95;363.57;0.03;0.89;;;;0.05;;;7.97;
Merluza, filé, cru;89;16.61;0;;82.07;0;Pescados e frutos do mar;372.92;2.02;57.18;;1.14;20.4;27.02;0.01;184.57;0.19;79.5;339.53;;0.33;;;;;;;1.34;
Merluza, filé, frito;192;26.93;0;;63.46;0;Pescados e frutos do mar;801.77;8.5;109.1;;1.53;35.63;38.14;0.02;278.93;0.38;89.96;446.62;0.03;0.56;;;;0.05;;;0.77;
Pescada, branca, crua;111;16.26;0;;79.57;0;Pescados e frutos do mar;463.91;4.59;50.77;;0.94;15.74;19.2;0.01;135.85;0.16;76.17;261.4;;0.25;2.77;2.77;2.77;;0.04;;0.6;
Pescada, branca, frita;223;27.36;0;;57;0;Pescados e frutos do mar;933.2;11.78;165.44;;3.24;378.27;30.08;0.06;504.1;0.51;107.23;355.15;0.08;1.12;39.35;39.35;39.35;0.08;0.11;;8.07;
Pescada, filé, com farinha de trigo, frito;283;21.44;5.03;;53.2;0;Pescados e frutos do mar;1185.85;19.12;72.97;;1.21;26.43;28.4;0.07;216.37;0.94;90.51;216.37;0.03;0.43;17.5;17.5;17.5;;0.03;;0.6;
Pescada, filé, cru;107;16.65;0;;79.52;0;Pescados e frutos do mar;448.55;4;64.84;;0.9;13.55;22.8;0.01;141.25;0.17;77.5;253.06;;0.25;47.86;47.86;47.86;;0.05;;3.1;
Pescada, filé, frito;154;28.59;0;;66.8;0;Pescados e frutos do mar;645.47;3.57;80.81;;1.66;10.32;21.12;;203.71;0.32;114.91;248.64;0.03;0.61;4.22;4.22;4.22;0.14;;;8.87;
Pescada, filé, molho escabeche;142;11.75;5.02;;74.53;0;Pescados e frutos do mar;593.95;8.02;43.4;0.78;0.68;20.12;18.06;0.08;105.46;1.47;51.29;208.24;0.36;0.29;19.19;;;;0.03;;1.1;6.89
Pescadinha, crua;76;15.48;0;;80.62;0;Pescados e frutos do mar;319.69;1.14;83.61;;2.02;331.6;33.78;0.07;326.82;0.55;120.34;303.83;0.1;0.55;;;;0.08;;;6.6;
Pintado, assado;192;36.45;0;;56.98;0;Pescados e frutos do mar;801.48;3.98;125.96;;2.03;113.54;42.36;0.08;331.8;0.78;80.95;527.15;0.04;2.1;6.57;6.57;6.57;0.03;;;6.63;
Pintado, cru;91;18.56;0;;80.27;0;Pescados e frutos do mar;381.09;1.31;50.3;;1.08;12;23.7;0.01;174.47;0.22;43.34;293.65;0.03;0.39;;;;;;;4.95;
Pintado, grelhado;152;30.8;0;;65.49;0;Pescados e frutos do mar;636.76;2.29;99.3;;1.57;68.98;26.74;0.03;237.29;0.48;53.09;360.15;0.04;0.76;5.13;5.13;5.13;0.03;;;2.87;
Porquinho, cru;93;20.49;0;;79.17;0;Pescados e frutos do mar;389.21;0.61;48.61;;1.26;25.88;24.35;0.05;207.3;0.39;66.73;313.42;0.04;0.66;4.65;4.65;4.65;;;;1.19;
Salmão, filé, com pele, fresco,  grelhado;229;23.92;0;;60.93;0;Pescados e frutos do mar;957.01;14.04;85.31;;1.29;28.76;27.79;0.02;299.72;0.54;85.14;383.94;0.04;0.56;;;;0.13;0.06;;5.35;
Salmão, sem pele, fresco, cru;170;19.25;0;;68.98;0;Pescados e frutos do mar;710.37;9.71;53.03;;1.22;8.75;27.42;;258.8;0.24;64.24;376.5;0.02;0.34;;;;0.2;0.03;;3.21;
Salmão, sem pele, fresco, grelhado;243;26.14;0;;58.13;0;Pescados e frutos do mar;1015.48;14.53;72.82;;1.61;15.09;37.86;0.01;352.16;0.37;95.81;517.9;0.04;0.5;;;;0.23;0.03;;6.3;
Sardinha, assada;164;32.18;0;;60.08;0;Pescados e frutos do mar;687.64;2.99;108.99;;4.35;437.73;51.36;0.24;577.78;1.25;74.47;574.34;0.14;1.82;;;;0.06;;;5.83;
Sardinha, conserva em óleo;285;15.94;0;;55.14;0;Pescados e frutos do mar;1192.36;24.05;72.57;;2.86;550.24;35.27;0.11;496.37;3.54;665.84;367.13;0.03;1.64;;;;0.42;0.04;;6.55;
Sardinha, frita;257;33.38;0;;48.49;0;Pescados e frutos do mar;1075.46;12.69;102.87;;4.3;482.07;38.83;0.25;628.76;1.12;60.1;459.94;0.14;1.64;;;;0.06;;;7.1;
Sardinha, inteira, crua;114;21.08;0;;76.64;0;Pescados e frutos do mar;476.56;2.65;60.5;;1.6;167.33;28.53;0.1;293.9;1.34;60.39;312.37;0.13;1.29;;;;;0.07;;7.7;
Tucunaré, filé, congelado, cru;88;17.96;-0.05;;79.88;0;Pescados e frutos do mar;366.88;1.22;46.9;;0.98;19.22;25.64;0.01;167.87;0.27;56.55;288.06;0.1;0.44;;;;;0.05;;0.9;
Apresuntado;129;13.45;2.86;;73.72;0;Carnes e derivados;539.14;6.69;37.67;;3.28;22.58;15.26;0.04;225.39;0.88;942.93;270.07;0.03;1.65;;;;0.62;0.04;;0.7;
Caldo de carne, tablete;241;7.82;15.05;;2.93;0;Carnes e derivados;1006.77;16.57;;0.58;57.63;129.03;22.06;0.02;123.04;;22179.67;218.15;;;;;;0.7;0.07;0.27;;
Caldo de galinha, tablete;251;6.28;10.65;;3.38;0;Carnes e derivados;1052.05;20.42;2.11;11.81;59.28;16.36;12.79;0.13;48.06;0.69;22299.9;68.03;;0.26;;;;0.05;0.04;;;
Carne, bovina, acém, moído, cozido;212;26.69;0;;61.62;0;Carnes e derivados;888.77;10.92;103.13;;0.84;4.03;17.07;0.01;164.44;2.65;52.36;255.71;0.06;8.1;;;;;0.32;;1.76;
Carne, bovina, acém, moído, cru;137;19.42;0;;72.7;0;Carnes e derivados;571.38;5.95;57.94;;0.93;2.61;14.14;;157.61;1.76;48.61;237.3;0.08;6.33;2.32;2.32;2.32;0.15;0.21;0.03;4.33;
Carne, bovina, acém, sem gordura, cozido;215;27.27;0;;60.38;0;Carnes e derivados;897.93;10.88;106.75;;0.83;7.11;14.44;;164.2;2.37;56.17;254.42;0.07;7.97;;;;;0.04;0.07;1.63;
Carne, bovina, acém, sem gordura, cru;144;20.82;0;;71.52;0;Carnes e derivados;602.62;6.11;53.37;;0.96;4.72;13.28;;144.19;1.51;49.85;233.65;0.04;5.21;2.17;2.17;2.17;0.12;0.12;;2.33;
Carne, bovina, almôndegas, cruas;189;12.31;9.79;;64.28;0;Carnes e derivados;791.85;11.2;33.6;;2.41;22.23;23.75;0.17;144.93;1.56;621.25;328.24;0.15;2.33;;;;0.11;0.04;;2.2; 
Carne, bovina, almôndegas, fritas;272;18.16;14.29;;48.09;0;Carnes e derivados;1137.27;15.78;36.38;;3.69;26.76;48.12;0.41;244.3;1.91;1030.26;536.1;0.19;2.61;;;;0.13;0.07;;6.6;
Carne, bovina, bucho, cozido;133;21.64;0;;74.12;0;Carnes e derivados;556.57;4.5;245.47;;0.32;13.21;7.41;0.01;62.63;0.58;38.2;69.81;0.05;2.49;;;;;;;2.18;
Carne, bovina, bucho, cru;137;20.53;0;;74.97;0;Carnes e derivados;574.48;5.5;144.9;;0.37;9.07;6.4;0.01;61.42;0.47;45;84.57;0.06;2.13;;;;;;;2.13;
Carne, bovina, capa de contra-filé, com gordura, crua;217;19.2;0;;64.77;0;Carnes e derivados;907.55;14.96;62.81;;0.9;5.86;17.45;0.01;144.19;1.51;57.54;266.89;0.06;3.54;3.76;3.76;3.76;0.09;0.09;0.12;1.55;
Carne, bovina, capa de contra-filé, com gordura, grelhada;312;30.69;0;;47.88;0;Carnes e derivados;1304.16;20.03;120.43;;1.13;7.26;18.38;;213.63;2.59;80.51;323.45;0.13;6.2;;;;;0.06;;1.74;
Carne, bovina, capa de contra-filé, sem gordura, crua;131;21.54;0;;72.99;0;Carnes e derivados;548.37;4.33;58.35;;1;6.5;19.59;;178.23;2.04;79.17;325.43;0.06;4.59;;;;;0.04;;1.81;
Carne, bovina, capa de contra-filé, sem gordura, grelhada;239;35.06;-0.01;;53.74;0;Carnes e derivados;1001.83;9.95;80.29;;1.25;8.84;25.61;0.01;287.38;2.84;82.75;384.84;0.12;7.64;;;;0.03;0.08;;1.86;
Carne, bovina, charque, cozido;263;36.36;0;;45.79;0;Carnes e derivados;1099.47;11.92;113.43;;3.63;14.85;12.81;0.02;100.9;3.45;1442.7;89.57;0.07;6.09;;;;0.05;0.07;;1.5;
Carne, bovina, charque, cru;249;22.71;0;;44.47;0;Carnes e derivados;1041.23;16.84;80.69;;14.49;15.18;13.36;;122.29;1.53;5875.03;236.26;0.03;3.89;;;;0.12;0.07;;1.63;
Carne, bovina, contra-filé, à milanesa;352;20.61;12.17;;42.16;0;Carnes e derivados;1471.06;24;99.36;0.37;1.05;14.67;27.04;0.27;202.95;2.9;77.09;270.96;0.1;2.86;15.08;;;0.07;0.04;;3.02;
Carne, bovina, contra-filé de costela, cru;202;19.8;0;;66.38;0;Carnes e derivados;847;13.07;52.31;;0.95;3.16;14;;163.85;1.56;38.52;245.07;0.04;4.35;3.05;3.05;3.05;0.14;0.08;;2.68;
Carne, bovina, contra-filé de costela, grelhado;275;29.88;0;;52.19;0;Carnes e derivados;1150.24;16.33;97.87;;1.15;4.29;23.57;0.01;251.89;2.79;50.88;382.74;0.08;6.68;;;;;0.19;0.17;2.75;
Carne, bovina, contra-filé, com gordura, cru;206;21.15;0;;65.75;0;Carnes e derivados;861.3;12.81;72.65;;0.92;3.67;18.16;0.01;164.2;1.31;44.13;284.65;0.04;2.79;3.59;3.59;3.59;0.11;0.08;0.03;3.79;
Carne, bovina, contra-filé, com gordura, grelhado;278;32.4;0;;51.71;0;Carnes e derivados;1163.38;15.49;143.86;;1.22;4.46;18.66;;218.54;2.35;57.07;351.86;0.09;4.78;;;;;0.18;0.13;4.91;
Carne, bovina, contra-filé, sem gordura, cru;157;24;0;;69.14;0;Carnes e derivados;655.28;6;59.46;;0.99;4.2;20.63;;183.82;1.68;52.89;334.62;0.05;3.24;;;;;0.2;;4.64;
Carne, bovina, contra-filé, sem gordura, grelhado;194;35.88;0;;57.53;0;Carnes e derivados;810.41;4.49;101.9;;1.27;5;21.06;;240.6;2.35;57.51;386.47;0.09;5.14;;;;;0.17;0.16;4.93;
Carne, bovina, costela, assada;373;28.81;0;;43.19;0;Carnes e derivados;1560.79;27.72;94.59;;0.99;28.01;19.55;;179.05;2.18;91.86;270.01;0.08;5.45;;;;;0.08;0.35;0.56;
Carne, bovina, costela, crua;358;16.71;0;;52.73;0;Carnes e derivados;1496.71;31.75;44.19;;0.9;;11.68;;129.97;1.2;70;151.16;;2.7;4.57;4.57;4.57;0.12;0.11;;5.99;
Carne, bovina, coxão duro, sem gordura, cozido;217;31.88;0;;58.53;0;Carnes e derivados;906.32;8.92;71.1;;0.88;3.98;13.79;;188.97;1.7;41.1;251.66;0.07;4.97;2.06;2.06;2.06;;;;3.26;
Carne, bovina, coxão duro, sem gordura, cru;148;21.51;0;;69.8;0;Carnes e derivados;619.09;6.22;59.98;;1.09;2.95;21.11;;188.51;1.89;48.55;357.88;0.05;2.81;2.07;2.07;2.07;0.12;0.2;;4.38;
Carne, bovina, coxão mole, sem gordura, cozido;219;32.38;0;;58.04;0;Carnes e derivados;914.94;8.91;84.15;;1.23;3.73;13.47;;182.67;2.56;43.5;238.51;0.11;4.7;2.47;2.47;2.47;;;;4.09;
Carne, bovina, coxão mole, sem gordura, cru;169;21.23;0;;68.6;0;Carnes e derivados;707.37;8.69;83.82;;1.04;2.99;20.72;;175.4;1.89;60.53;334.9;0.05;2.63;2.61;2.61;2.61;0.12;0.19;;2.32;
Carne, bovina, cupim, assado;330;28.63;0;;48.42;0;Carnes e derivados;1381.14;23.04;90.8;;0.96;7.62;18.21;;212.27;2.7;71.59;321.07;0.08;5.29;;;;;0.08;0.14;2.16;
Carne, bovina, cupim, cru;221;19.54;0;;64.83;0;Carnes e derivados;926.33;15.3;50.95;;0.88;3.57;12.76;;220.13;1.13;46.86;150.58;0.03;2.42;2.7;2.7;2.7;0.11;0.05;0.03;3.33;
Carne, bovina, fígado, cru;141;20.71;1.11;;71.33;0;Carnes e derivados;590.14;5.36;392.88;;1.49;4.16;12.42;0.26;334.16;5.63;75.92;264.5;9.01;3.46;7936.7;7936.7;7936.7;0.14;0.9;;10.66;
Carne, bovina, fígado, grelhado;225;29.86;4.2;;54.97;0;Carnes e derivados;941.51;9.01;601.47;;1.96;5.56;9.7;0.22;419.92;5.79;82.19;309.37;12.58;3.95;14574;14574;14574;0.21;2.69;;11.92;
Carne, bovina, filé mingnon, sem gordura, cru;143;21.6;0;;71.89;0;Carnes e derivados;597.74;5.61;54.76;;1.07;2.93;21.39;0.01;192.76;1.92;48.86;321.53;0.08;2.75;3.63;3.63;3.63;0.12;0.1;0.04;1.78;
Carne, bovina, filé mingnon, sem gordura, grelhado;220;32.8;0;;57;0;Carnes e derivados;919.24;8.83;102.88;;1.33;4.31;28.26;0.02;308.14;2.87;57.91;325.98;0.14;4.13;;;;0.03;0.08;0.05;4.27;
Carne, bovina, flanco, sem gordura, cozido;196;29.38;0;;61.98;0;Carnes e derivados;818.29;7.77;62;;0.86;3.53;13.61;;181.45;2.77;41.68;248.8;0.07;5.55;1.76;1.76;1.76;;;;2.32;
Carne, bovina, flanco, sem gordura, cru;141;20;0;;72.07;0;Carnes e derivados;591.87;6.22;50.3;;0.97;2.81;17.85;;166.73;1.58;54.22;324.11;0.05;4.45;2.02;2.02;2.02;0.11;0.16;;3.28;
Carne, bovina, fraldinha, com gordura, cozida;338;24.24;0;;49.72;0;Carnes e derivados;1416.06;26.05;64.87;;0.75;3.21;14.48;;160.58;2.03;38.78;206.76;0.07;6.5;;;;;0.05;0.07;1.61;
Carne, bovina, fraldinha, com gordura, crua;221;17.58;0;;65.44;0;Carnes e derivados;923.51;16.15;54.34;;0.86;3.11;16.12;0;131.4;1.54;51.2;274.12;0.04;4.19;4.64;4.64;4.64;0.08;0.07;0.03;3.56;
Carne, bovina, lagarto, cozido;222;32.86;0;;57.63;0;Carnes e derivados;930.81;9.11;55.7;;0.88;3.53;12.96;;167.27;1.85;47.54;254.44;0.05;6.96;2.9;2.9;2.9;;;;2.55;
Carne, bovina, lagarto, cru;135;20.54;0;;70.97;0;Carnes e derivados;564.27;5.23;55.79;;1.12;2.59;19.67;;184.72;1.32;53.56;361.84;0.05;2.39;1.99;1.99;1.99;0.1;0.14;0.03;2.19;
Carne, bovina, língua, cozida;315;21.37;0;;53.41;0;Carnes e derivados;1317.55;24.8;105.07;;0.66;5.93;11.54;0.01;136.46;2.07;59.06;175.29;0.08;4.09;;;;;0.08;;1.83;
Carne, bovina, língua, crua;215;17.09;0;;65.02;0;Carnes e derivados;900.61;15.77;117.85;;0.78;5.04;15.3;0.02;163.57;1.7;73.05;250.71;0.09;2.87;;;;0.05;0.04;;1.18;
Carne, bovina, maminha, crua;153;20.93;0;;69.99;0;Carnes e derivados;639.17;7.03;50.8;;1.02;2.83;15.66;;181.32;1.15;37.42;273.66;0.03;3.48;3.18;3.18;3.18;0.12;0.08;0.03;4.27;
Carne, bovina, maminha, grelhada;153;30.74;0;;65.28;0;Carnes e derivados;640.53;2.42;87.7;;1.39;4.17;20.89;;237.48;2.43;58.12;386.42;0.08;5.58;;;;;0.04;0.13;1.46;
Carne, bovina, miolo de alcatra, sem gordura, cru;163;21.61;0;;69.49;0;Carnes e derivados;681.45;7.83;60.37;;1.01;3.19;20.02;0.01;165.09;1.97;43.05;298.74;0.06;2.96;3.52;3.52;3.52;0.12;0.07;;3.59;
Carne, bovina, miolo de alcatra, sem gordura, grelhado;241;31.93;0;;52.43;0;Carnes e derivados;1009.87;11.64;92.2;;1.22;4.51;25.97;0.02;279.24;3.17;51.62;385.11;0.11;4.82;;;;0.03;0.05;0.05;4.66;
Carne, bovina, músculo, sem gordura, cozido;194;31.23;0;;62.82;0;Carnes e derivados;810.86;6.7;56.15;;0.88;4.98;13.42;;175.7;2.36;61.79;252.56;0.08;6.44;1.91;1.91;1.91;;;;1.97;
Carne, bovina, músculo, sem gordura, cru;142;21.56;0;;72.35;0;Carnes e derivados;592.37;5.49;50.94;;0.99;3.64;17.45;;162.19;1.86;66.08;295.84;0.05;3.65;1.91;1.91;1.91;0.09;0.19;0.04;2.79;
Carne, bovina, paleta, com gordura, crua;159;21.41;0;;70.62;0;Carnes e derivados;664.04;7.46;58.26;;0.92;4.36;14.15;;157.6;1.76;64.9;249.68;0.08;3.65;;;;;0.04;,0,02;0.91;
Carne, bovina, paleta, sem gordura, cozida;194;29.72;0;;62.94;0;Carnes e derivados;810.24;7.4;55.61;;0.85;5.64;17.66;;197.45;2.17;57.62;249.81;0.1;6.82;;;;0.03;0.04;;2.16;
Carne, bovina, paleta, sem gordura, crua;141;21.03;0;;72.08;0;Carnes e derivados;589.7;5.67;42.25;;0.98;3.62;17.51;;163.36;1.93;65.86;319.43;0.05;3.34;3.27;3.27;3.27;0.13;0.21;;2.67;
Carne, bovina, patinho, sem gordura, cru;133;21.72;0;;72.91;0;Carnes e derivados;558.43;4.51;55.61;;1.01;3.3;20.1;0.01;170.37;1.78;49.13;317.61;0.05;4.47;1.51;1.51;1.51;0.11;0.08;;3.61;
Carne, bovina, patinho, sem gordura, grelhado;219;35.9;0;;55.15;0;Carnes e derivados;917.38;7.31;125.68;;1.3;4.8;27.26;0.02;288.84;3.03;60.29;420.96;0.12;8.09;;;;0.04;0.03;;3.01;
Carne, bovina, peito, sem gordura, cozido;338;22.25;0;;51.18;0;Carnes e derivados;1416.17;26.99;99.54;;0.72;4.03;13.87;;135.96;1.6;55.71;204.49;0.05;3.89;;;;;0.3;;4.54;
Carne, bovina, peito, sem gordura, cru;259;17.56;0;;61.49;0;Carnes e derivados;1084.81;20.43;59.3;;0.85;3.94;15.32;;124.36;1.31;63.76;241.4;0.06;2.63;4.25;4.25;4.25;0.11;0.07;0.03;3.91;
Carne, bovina, picanha, com gordura, crua;213;18.82;0;;65.64;0;Carnes e derivados;890.69;14.69;59.55;;0.93;2.42;14.22;;165.29;1.71;37.62;231.65;0.06;3.77;3.46;3.46;3.46;0.13;0.16;;4.77;
Carne, bovina, picanha, com gordura, grelhada;289;26.42;0;;53.39;0;Carnes e derivados;1208.2;19.51;91.76;;1.09;4;24;;246;3.2;60;355;0.14;5.5;;;;0.03;0.06;0.13;1.6;
Carne, bovina, picanha, sem gordura, crua;134;21.25;0;;72.42;0;Carnes e derivados;558.66;4.74;75.23;;1.01;3.39;20.25;;183.05;2.13;61.15;322.5;0.08;4.23;;;;;0.05;;1.89;
Carne, bovina, picanha, sem gordura, grelhada;238;31.91;0;;54.63;0;Carnes e derivados;997.75;11.33;99.71;;1.23;4.43;25.42;0.02;281.91;3.55;60.66;376.6;0.17;6.7;;;;;0.08;0.03;1.82;
Carne, bovina, seca, cozida;313;26.93;0;;47.19;0;Carnes e derivados;1308.75;21.93;100.14;;4.72;12.76;11.9;0.02;82.38;1.88;1943.18;86.03;0.03;7.7;;;;;0.06;;2.32;
Carne, bovina, seca, crua;313;19.66;0;;39.24;0;Carnes e derivados;1308.54;25.37;91.55;;15.29;14.11;12.22;0.01;100;1.33;4439.55;190.15;;3.65;;;;;0.07;;2.83;
Coxinha de frango, frita;283;9.61;34.52;;42.21;0;Carnes e derivados;1184.27;11.84;14.81;4.97;1.82;18.33;16.78;0.28;92.54;1.26;532.13;166.21;0.09;0.51;;;;0.09;;;2.6;
Croquete, de carne, cru;246;12.04;13.95;;55.96;0;Carnes e derivados;1028.31;15.56;29.85;;2.49;15.5;23.64;0.34;144.18;2.51;710.64;221.4;0.1;2.67;;;;0.11;0.04;;1.95;
Croquete, de carne, frito;347;16.86;18.15;;39.24;0;Carnes e derivados;1450.77;22.67;38.1;;3.08;18.09;29.52;0.39;176.26;2.31;916.41;313.02;0.09;3.3;;;;0.14;0.04;;4.77;
Empada de frango, pré-cozida, assada;358;6.94;47.49;;28.19;0;Carnes e derivados;1498.67;15.61;22.72;2.16;1.77;15.61;18.3;0.32;77.62;1.19;524.93;137.66;0.07;0.64;;;;0.12;;;; 
Empada, de frango, pré-cozida;377;7.34;35.53;;32.03;0;Carnes e derivados;1579.37;22.89;23.28;2.22;2.21;13.56;17.33;0.25;77.94;0.75;770.73;156.36;0.09;0.5;;;;0.11;;0.03;; 
Frango, asa, com pele, crua;213;18.1;0;;67.47;0;Carnes e derivados;891.98;15.07;113.45;;0.69;10.92;23.22;0.01;154.79;0.57;96.3;211.16;0.02;1.25;10.37;10.37;10.37;0.11;0.04;;2.58;
Frango, caipira, inteiro, com pele, cozido;243;23.88;0;;59.69;0;Carnes e derivados;1016.25;15.62;109.55;;0.8;16.76;18.35;0.01;161.94;1.66;56.09;210.01;0.08;1.7;16.16;16.16;16.16;0.03;;;6.33;
Frango, caipira, inteiro, sem pele, cozido;196;29.58;0;;61.42;0;Carnes e derivados;819.06;7.7;105.52;;1.09;66.14;23.17;0.02;209.6;2.12;53.24;223.59;0.15;2.66;6.05;6.05;6.05;0.03;0.03;;9.2;
Frango, coração, cru;222;12.58;0;;69.05;0;Carnes e derivados;926.77;18.6;159.24;;0.77;5.51;19.83;0.05;193.39;4.09;95.06;220.07;0.2;2.01;9.39;9.39;9.39;0.23;0.35;;3.39;
Frango, coração, grelhado;207;22.44;0.61;;63.51;0;Carnes e derivados;867.23;12.1;280.36;;1.35;8.35;20.12;0.06;275.78;6.53;128.24;242.69;0.3;3.45;;;;0.2;0.19;;9.7;
Frango, coxa, com pele, assada;215;28.49;0.06;;59.79;0;Carnes e derivados;900.06;10.36;145.48;;1.3;8.34;13.93;;251.35;1.22;94.84;318.11;0.05;2.55;5.97;5.97;5.97;0.05;0.05;;10.4;
Frango, coxa, com pele, crua;161;17.09;0;;72.85;0;Carnes e derivados;675.61;9.81;97.4;;0.83;8;25.81;0.02;185.34;0.7;94.96;274.73;0.03;1.97;10.02;10.02;10.02;0.16;0.05;;2.04;
Frango, coxa, sem pele, cozida;167;26.86;0;;66.66;0;Carnes e derivados;700.52;5.85;132.92;;0.87;11.78;11.14;;186.74;0.83;64.34;191.14;0.03;2.83;;;;0.07;;;8.2;
Frango, coxa, sem pele, crua;120;17.81;0.02;;76.42;0;Carnes e derivados;501.86;4.86;90.56;;0.89;7.97;27.23;0.02;196.48;0.78;98.37;291.19;0.03;2.24;11.66;11.66;11.66;0.17;0.05;;3.53;
Frango, fígado, cru;106;17.59;-0.02;;77.75;0;Carnes e derivados;445.53;3.49;340.58;;1.2;5.61;27.83;0.35;343.9;9.54;82.43;280.5;0.26;3.73;3863.33;3863.33;3863.33;0.62;0.56;;6.36;
Frango, filé, à milanesa;221;28.46;7.51;;54.89;0;Carnes e derivados;924.13;7.79;84.32;1.13;1.35;8.91;34.83;0.06;249.35;1.08;122.33;407.56;0.05;0.84;6.61;6.61;6.61;0.05;0.04;0.52;11.07;
Frango, inteiro, com pele, cru;226;16.44;0;;66.54;0;Carnes e derivados;946.92;17.31;84.84;;0.75;6.3;24.3;0.01;173.55;0.62;62.88;217.24;0.04;1.12;7;7;7;0.08;0.03;;3.28;
Frango, inteiro, sem pele, assado;187;28.03;0;;63.2;0;Carnes e derivados;783.82;7.5;110.94;;1.16;9.06;13.88;;232.94;0.55;70.27;283.27;0.03;1.58;;;;0.09;;;11.2;
Frango, inteiro, sem pele, cozido;170;24.99;0;;67.45;0;Carnes e derivados;712.91;7.06;98.93;;0.89;8.18;12.35;;193.67;0.46;50.89;216.53;0.04;1.24;;;;0.1;;;12.83;
Frango, inteiro, sem pele, cru;129;20.59;0;;74.86;0;Carnes e derivados;540.14;4.57;78.24;;0.93;6.52;27.04;0.01;190.48;0.54;72.96;237.68;0.03;1.24;3.67;3.67;3.67;0.12;0.03;;3.28;
Frango, peito, com pele, assado;212;33.42;0;;58.54;0;Carnes e derivados;885.68;7.65;109.03;;1.49;8.26;18.14;0.01;297.02;0.48;55.7;380.31;0.01;0.95;6.23;6.23;6.23;0.12;;;15.8;
Frango, peito, com pele, cru;149;20.78;0;;71.94;0;Carnes e derivados;625.36;6.73;79.93;;0.91;8.42;28.29;0.01;212.97;0.44;62.31;251.82;0.05;0.6;4;4;4;0.09;;;2.58;
Frango, peito, sem pele, cozido;163;31.47;0;;65.57;0;Carnes e derivados;681.47;3.16;88.51;;0.98;6.44;13.76;;224.43;0.34;36.17;231.05;0.02;0.95;;;;0.1;;;7.6;
Frango, peito, sem pele, cru;119;21.53;0;;74.79;0;Carnes e derivados;498.56;3.02;58.68;;0.97;7.36;31.26;0.01;222.03;0.43;56.14;267.09;0.03;0.66;2;2;2;0.1;;;5.86;
Frango, peito, sem pele, grelhado;159;32.03;0;;63.81;0;Carnes e derivados;666.03;2.48;89.12;;1.44;5.34;18.27;;295.01;0.33;50.25;387.37;0.02;0.78;;;;0.11;;;24.83;
Frango, sobrecoxa, com pele, assada;260;28.7;0;;55;0;Carnes e derivados;1086.19;15.19;158.26;;1.33;10.68;14.6;;252.23;1.21;95.94;323.07;0.06;2.17;8.22;8.22;8.22;0.1;0.05;;11.2;
Frango, sobrecoxa, com pele, crua;255;15.46;0;;63.58;0;Carnes e derivados;1064.96;20.9;87.63;;0.75;7.09;21.5;0.01;154.19;0.71;68.27;190.19;0.05;1.31;6.59;6.59;6.59;0.09;0.06;;3.4;
Frango, sobrecoxa, sem pele, assada;233;29.18;0;;55.63;0;Carnes e derivados;974.38;12.01;145.11;;1.49;12.25;17.23;;281.34;1.17;106.08;382.21;0.07;2.18;10.7;10.7;10.7;0.1;0.05;;10.2;
Frango, sobrecoxa, sem pele, crua;162;17.57;0;;72.71;0;Carnes e derivados;676.96;9.62;84.09;;0.88;6.29;26.33;0.02;187.29;0.9;79.75;241.09;0.06;1.67;3.92;3.92;3.92;0.12;0.06;;4.06;
Hambúrguer, bovino, cru;215;13.16;4.15;;63.6;0;Carnes e derivados;898.87;16.18;70.01;;2.91;34.06;24.52;0.36;140.72;1.89;869.46;382.59;0.16;1.7;;;;0.06;0.08;0.04;3.53;
Hambúrguer, bovino, frito;258;19.97;6.32;;52.46;0;Carnes e derivados;1080.66;17.01;48.9;;4.24;62.39;59.7;0.52;324.46;3.02;1251.8;660.09;0.17;3.18;;;;0.13;0.06;;2.73;
Hambúrguer, bovino, grelhado;210;13.16;11.33;;59.23;0;Carnes e derivados;877.94;12.43;58.53;;3.85;56.21;47.57;0.4;262.67;2.64;1090.33;537.56;0.18;3.02;;;;0.18;0.06;;5.77;
Lingüiça, frango, crua;218;14.24;0;;64.76;0;Carnes e derivados;912.57;17.44;64.13;;3.28;10.84;18.97;0.05;181.51;0.47;1125.81;279.73;0.05;0.69;;;;0.11;0.05;;4.6;
Lingüiça, frango, frita;245;18.32;0;;59.57;0;Carnes e derivados;1027.01;18.54;75.79;;3.79;15.48;29.19;0.1;262.07;0.79;1373.89;363.79;0.04;1.16;;;;0.11;0.05;;5.67;
Lingüiça, frango, grelhada;244;18.19;0;;58.58;0;Carnes e derivados;1019.47;18.4;80.48;;3.82;13.93;21.1;0.1;228.02;0.72;1351.49;356;0.09;1.03;;;;0.12;0.04;;5.97;
Lingüiça, porco, crua;227;16.06;0;;62.48;0;Carnes e derivados;950.62;17.58;52.93;;3.21;6.13;14.05;0.01;157.48;0.44;1175.72;316.33;0.04;1.36;;;;0.49;0.05;;2.6;
Lingüiça, porco, frita;280;20.45;0;;54.61;0;Carnes e derivados;1169.61;21.31;74.71;;3.86;8.48;18.22;0.01;210.78;0.87;1431.59;408.94;0.06;3.08;;;;0.41;0.07;;5.83;
Lingüiça, porco, grelhada;296;23.17;0;;50.48;0;Carnes e derivados;1240.51;21.9;81.7;;4;8.14;18.79;0.01;209.81;1.01;1455.86;426.6;0.07;3.48;;;;0.4;0.07;;6.6;
Mortadela;269;11.95;5.82;;56.44;0;Carnes e derivados;1124.74;21.65;82.76;;4.14;66.55;19.14;0.11;215.67;1.47;1212.17;247.28;0.08;1.02;24.55;;;0.14;0.06;;3;
Peru, congelado, assado;163;26.2;0;;65.32;0;Carnes e derivados;682.29;5.68;91.24;;2.23;13.84;11.54;0.02;197.36;0.59;627.88;175.12;0.03;1.21;;;;0.06;;;6.23;
Peru, congelado, cru;94;18.08;0;;78.18;0;Carnes e derivados;392.13;1.83;68.16;;2.46;9.88;18.84;;216.67;0.87;710.68;281.35;0.36;1.44;;;;0.06;;;4.23;
Porco, bisteca, crua;164;21.5;0;;67.7;0;Carnes e derivados;686.66;8.02;56.38;;0.99;6.11;24.07;;195.16;0.53;54.29;334.99;0.07;1.43;;;;0.9;;;2.65;
Porco, bisteca, frita;311;33.75;0;;47.33;0;Carnes e derivados;1301.93;18.52;126.3;;1.55;69.15;29.13;0.01;289.87;0.82;63.03;403.51;0.07;2.16;9.74;9.74;9.74;0.34;;;3.25;
Porco, bisteca, grelhada;280;28.89;0;;51.84;0;Carnes e derivados;1171.87;17.38;81.68;;1.25;34.31;24.74;;229.44;0.86;51.45;366.42;0.06;2.35;;;;0.77;0.14;0.03;1.92;
Porco, costela, assada;402;30.22;0;;36.92;0;Carnes e derivados;1682.67;30.28;112.86;;1.37;16.77;14.04;;200.78;1.04;62.68;245.97;0.07;3.1;;;;0.71;0.05;;10.63;
Porco, costela, crua;256;18;0;;61.21;0;Carnes e derivados;1069.46;19.82;68.83;;0.92;14.53;17.97;;159.08;0.9;87.98;248.23;0.05;2.27;;;;0.62;;;8.27;
Porco, lombo, assado;210;35.73;0;;56.56;0;Carnes e derivados;879.62;6.4;103.08;;1.37;19.51;18.14;;238.36;0.46;38.92;311.14;0.03;1.76;;;;0.75;0.07;0.11;12.43;
Porco, lombo, cru;176;22.6;0;;67.73;0;Carnes e derivados;734.82;8.77;55.39;;1.03;4.16;23.92;;194.52;0.47;53.07;334.38;0.01;0.93;;;;0.95;;;13.83;
Porco, orelha, salgada, crua;258;18.52;0;;59.67;0;Carnes e derivados;1081.53;19.89;83.01;;2.04;5.44;2.07;0.01;30.79;1.41;615.6;228.46;0.23;0.57;;;;0.07;0.03;;;
Porco, pernil, assado;262;32.13;0;;49.26;0;Carnes e derivados;1097.29;13.86;109.8;;1.45;17.59;27.35;0.01;247.09;1.25;62.41;395.19;0.09;3.25;;;;0.77;0.09;;6.57;
Porco, pernil, cru;186;20.13;0;;67.08;0;Carnes e derivados;778.46;11.1;58.69;;1.02;12.94;22.88;;192.48;0.89;101.89;255.58;0.16;1.73;;;;1.06;0.06;;5.67;
Porco, rabo, salgado, cru;377;15.58;0;;43.79;0;Carnes e derivados;1579.11;34.47;89.09;;3.5;21.63;3.6;0.01;42.39;0.62;1157.67;23.76;0.05;1.41;;;;0.2;0.06;;1.43;
Presunto, com capa de gordura;128;14.37;1.4;;73.95;0;Carnes e derivados;534.92;6.77;39.51;;3.51;12.48;17.04;0.04;273.87;0.68;1020.77;294.58;0.04;1.32;;;;0.62;0.03;;3.78;
Presunto, sem capa de gordura;94;14.29;2.15;;77.18;0;Carnes e derivados;392.22;2.71;35.77;;3.68;23.27;17.51;0.04;244.06;0.83;1039.19;307.3;0.04;1.46;;;;0.5;0.03;;4;
Quibe, assado;136;14.59;12.86;;69.02;0;Carnes e derivados;569.98;2.68;33.73;1.9;0.85;15.62;36.08;0.76;174.37;2.15;39.89;287.78;0.51;4.12;;;;0.04;0.04;;1.81;
Quibe, cru;109;12.35;10.77;;74.51;0;Carnes e derivados;458.11;1.67;26.93;1.65;0.7;12.09;25.69;0.39;125.79;1.65;38.77;241.74;0.13;2.75;;;;0.09;0.03;;1.2;
Quibe, frito;254;14.89;12.34;;53.96;0;Carnes e derivados;1062.03;15.8;37.77;;3.01;21.73;38.77;0.72;165.83;1.95;835.83;322.47;0.16;2.78;;;;0.12;0.1;;1.5;
Salame;398;25.81;2.91;;34.7;0;Carnes e derivados;1664.57;30.64;85.09;;5.94;87.02;29.92;0.03;354.27;1.25;1574.17;548;0.05;3.15;;;;0.88;0.23;;12.49;
Toucinho, cru;593;11.48;0;;27.61;0;Carnes e derivados;2479.15;60.26;73.08;;0.3;2.39;3.57;;35.36;0.44;49.59;57.57;0.11;0.21;;;;;;;5.1;
Toucinho, frito;697;27.28;0;;6.33;0;Carnes e derivados;2914.42;64.31;89.46;;0.73;9.44;9.46;0.01;94.72;0.87;124.85;170.86;0.1;0.84;;;;;;;5.03;
Bebida láctea, pêssego;55;2.13;7.57;;87.69;0;Leite e derivados;230.81;1.91;5.37;0.29;0.7;88.63;8.59;;63.1;;46.26;62.26;0.02;0.24;;;;0.03;0.14;;0.33;2.05
Creme de Leite;221;1.51;4.51;;70.89;0;Leite e derivados;926.69;22.48;66.48;;0.61;82.73;7.54;0.01;118.46;0.3;51.72;118.65;0.02;0.29;127.67;;;;0.1;;0;
Iogurte, natural;51;4.06;1.92;;90.04;0;Leite e derivados;215.43;3.04;13.78;;0.94;143.1;11.25;;119.04;;51.62;71.28;0.02;0.44;22.5;;;0.04;0.22;;;0.93
Iogurte, natural, desnatado;41;3.83;5.77;;89.22;0;Leite e derivados;173.61;0.32;3.33;;0.86;156.96;11.98;;109.68;;59.64;182.13;;0.51;;;;;0.22;;;0.35
Iogurte, sabor morango;70;2.71;9.69;;84.63;0;Leite e derivados;291.06;2.33;7.49;0.22;0.63;101.03;8.04;;73.48;;37.66;52.35;0.02;0.3;27.03;;;0.03;0.12;0.02;;
Iogurte, sabor pêssego;68;2.53;9.43;;85.06;0;Leite e derivados;283.88;2.34;8.4;0.72;0.64;95.05;7.96;;65.55;0.05;36.96;52.09;0.02;0.3;21.28;;;0.02;0.1;;0.38;
Leite, condensado;313;7.67;57;;26.96;0;Leite e derivados;1307.8;6.74;27.64;;1.63;246.27;21.98;;187.18;0.13;93.8;328.93;0.03;0.86;52.95;;;0.06;0.33;0.57;;2.14
Leite, de cabra;66;3.07;5.25;;87.07;0;Leite e derivados;277.88;3.75;13.99;;0.86;112.25;9.8;;113.2;0.1;73.95;139.99;0.04;0.35;34.74;;;;0.14;;;
Leite, de vaca, achocolatado;83;2.1;14.16;;80.89;0;Leite e derivados;346.52;2.17;6.08;0.65;0.68;69.79;12.88;0.05;70.87;0.46;71.74;155.24;0.04;0.31;38.94;;;0.07;0.29;0.14;1.23;3.26
Leite, de vaca, desnatado, pó;362;34.69;53.04;;3.1;0;Leite e derivados;1512.97;0.93;24.79;;8.23;1363.17;108.71;;1673.43;0.93;431.67;1555.66;0.16;3.84;299.46;;;0.32;1.2;;0.81;
Leite, de vaca, integral, pó;497;25.42;39.18;;2.7;0;Leite e derivados;2077.98;26.9;85.26;;5.8;890.27;77.43;;1242.28;0.52;323.2;1131.66;0.11;2.73;361.06;;;0.24;1.03;;;
Leite, fermentado;70;1.89;15.67;;81.88;0;Leite e derivados;291.3;0.1;1.85;;0.45;71.53;6.23;0.02;62.81;;33.43;94.48;0.01;0.26;;;;0.08;0.11;;;0.49
Queijo, minas, frescal;264;17.41;3.24;;56.12;0;Leite e derivados;1105.72;20.18;62;;3.04;579.25;6.88;0.02;123.31;0.93;31.23;104.85;;0.29;160.51;;;;0.25;;;
Queijo, minas, meia cura;321;21.21;3.57;;47.12;0;Leite e derivados;1341.9;24.61;76.3;;3.49;695.92;27.07;0.02;402.53;0.22;501.17;119.98;0.07;2.68;111.33;;;0.03;0.32;;;
Queijo, mozarela;330;22.65;3.05;;45.34;0;Leite e derivados;1380.18;25.18;79.58;;3.78;875.04;23.57;0.03;470;0.31;581.36;61.89;0.08;3.52;109;;;;0.2;;;
Queijo, parmesão;453;35.55;1.66;;21.25;0;Leite e derivados;1895.2;33.53;105.84;;8.01;991.97;33.37;0.05;744.62;0.53;1844.08;96.24;0.17;4.36;66.15;;;;0.44;0.23;;
Queijo, pasteurizado;303;9.36;5.68;;54.42;0;Leite e derivados;1268.09;27.44;82.16;;3.11;323.3;16;0.01;577.94;0.27;780.43;193.72;0.05;1.3;57.31;;;;0.2;;;
Queijo, petit suisse, morango;121;5.79;18.46;;72.22;0;Leite e derivados;506.71;2.84;12.07;;0.7;730.93;26.51;0.02;448.46;0.14;412.47;121.46;0.01;2.66;272.66;;;0.22;0.27;0.21;2.68;
Queijo, prato;360;22.66;1.88;;42.44;0;Leite e derivados;1505.74;29.11;90.9;;3.91;939.99;28.27;0.03;460.84;0.28;579.77;73.47;0.1;3.46;122.67;;;;0.22;;;
Queijo, requeijão, cremoso;257;9.63;2.43;;62.47;0;Leite e derivados;1073.52;23.44;73.67;;2.03;259.47;11.63;0.02;447.88;0.12;557.92;93.06;0.05;1.28;194.59;;;;0.19;;;
Queijo, ricota;140;12.6;3.79;;73.57;0;Leite e derivados;584.64;8.11;48.7;;1.93;253.24;11.81;;161.52;0.14;282.58;112.38;;0.46;52.85;;;;0.15;;;
Bebida isotônica, sabores variados;26;0;6.4;;93.51;0;Bebidas (alcoólicas e não alcoólicas);107.17;0;;;0.09;1.23;;;8.97;0.67;44.08;13.03;;;;;;;;;;
Café, infusão 10%;9;0.71;1.48;;97.37;0;Bebidas (alcoólicas e não alcoólicas);37.95;0.07;;;0.37;3.16;9.66;0.04;9.5;;1.03;155.7;0.01;;;;;;;;;
Cana, aguardente 1;216;;;;;0;Bebidas (alcoólicas e não alcoólicas);902.33;;;;;;;;;;3.15;;0.06;;;;;;;;;
Cana, caldo de;65;;18.15;;81.73;0;Bebidas (alcoólicas e não alcoólicas);273.4;;;0.14;0.12;9.08;11.97;0.21;4.78;0.75;;17.97;0.01;0.05;;;;;;0.03;;2.78
Cerveja, pilsen 2;41;0.56;3.32;;92.38;0;Bebidas (alcoólicas e não alcoólicas);170.37;;;;0.12;4.99;6.74;0.01;19;;4.23;29.47;;;;;;;;0.14;2.92;
Chá, erva-doce, infusão 5%;1;0;0.39;;99.61;0;Bebidas (alcoólicas e não alcoólicas);5.85;0;;;0;1.93;0.88;0.01;0.65;;0.63;9.93;0.01;;;;;1.23;0.23; ; ; 
Chá, mate, infusão 5%;3;0;0.64;;99.31;0;Bebidas (alcoólicas e não alcoólicas);11.43;0.05;;;0;0.64;2.04;0.27;;;;5.34;;;;;;0.89;; ; ; 
Chá, preto, infusão 5%;2;0;0.63;;99.37;0;Bebidas (alcoólicas e não alcoólicas);9.41;0;;;0;0.25;0.96;0.09;1.51;;;13.44;;;;;;3.11;0.48; ; ; 
Coco, água de;22;0;5.28;;94.25;0;Bebidas (alcoólicas e não alcoólicas);89.99;0;;0.13;0.46;18.84;5.16;0.25;3.76;;1.78;161.65;;;;;;0.01;;;;2.41
Refrigerante, tipo água tônica;31;0;7.95;;92.01;0;Bebidas (alcoólicas e não alcoólicas);128.78;0;;;0.04;1.08;;;0.15;;8.29;1.51;;;;;;;;;;
Refrigerante, tipo cola;34;0;8.66;;91.28;0;Bebidas (alcoólicas e não alcoólicas);140.22;0;;;0.06;1.37;;;16.68;;7.12;0.91;;;;;;;;;;
Refrigerante, tipo guaraná;39;0;10;;89.96;0;Bebidas (alcoólicas e não alcoólicas);161.92;0;;;0.04;1.41;;;;;9.01;1.38;;;;;;;;;;
Refrigerante, tipo laranja;46;0;11.79;;88.17;0;Bebidas (alcoólicas e não alcoólicas);190.9;0;;;0.04;2.34;1.21;;1.47;;9.27;15.5;;;;;;;;;;
Refrigerante, tipo limão;40;0;10.26;;89.69;0;Bebidas (alcoólicas e não alcoólicas);166.18;0;;;0.05;1.75;0.53;;;;8.8;4.27;;;;;;;;;;
Omelete, de queijo;268;15.57;0.44;;60.49;0;Ovos e derivados;1121.34;22.01;383.83;;1.49;165.73;14.27;0.03;313.61;1.37;216.05;126.93;0.03;1.36;58.75;;;0.03;0.24;;;
Ovo, de codorna, inteiro, cru;177;13.69;0.77;;71.67;0;Ovos e derivados;740.12;12.68;568;;1.19;78.73;11.06;;279.44;3.35;128.99;78.73;0.04;2.05;305.17;;;0.11;0.12;;0.97; 
Ovo, de galinha, clara, cozida/10minutos;59;13.45;0;;85.23;0;Ovos e derivados;248.68;0.09;;;0.67;6.23;11.01;;15.43;0.08;180.54;145.87;0.03;;;;;;0.08;;; 
Ovo, de galinha, gema, cozida/10minutos;353;15.9;1.56;;50.02;0;Ovos e derivados;1475.59;30.78;1272.37;;1.74;114.43;9.37;0.06;385.75;2.92;44.91;87.38;;2.87;148.48;;;0.18;0.22;;; 
Ovo, de galinha, inteiro, cozido/10minutos;146;13.29;0.61;;75.77;0;Ovos e derivados;609.61;9.48;396.57;;0.85;49.22;11.24;0.02;184.19;1.52;145.9;138.9;0.04;1.24;32.44;;;0.08;0.3;;; 
Ovo, de galinha, inteiro, cru;143;13.03;1.64;;75.6;0;Ovos e derivados;598.78;8.9;355.94;;0.83;42.02;12.66;;164.35;1.56;167.91;150;0.06;1.08;78.83;;;0.07;0.58;;0.75; 
Ovo, de galinha, inteiro, frito;240;15.62;1.19;;63.5;0;Ovos e derivados;1004.94;18.59;516.26;;1.1;72.89;16.25;0.03;422.41;2.1;166.11;184.01;0.04;1.46;93.89;;;0.06;0.32;;;
Achocolatado, pó;401;4.2;91.18;;1.1;0;Produtos açucarados;1677.87;2.17;;3.89;1.35;44.4;76.74;0.55;199.97;5.36;64.79;496.45;0.56;1.04;795.85;;;1.38;1.02;1.52;4.99;
Açúcar, cristal;387;0.32;99.61;;0.05;0;Produtos açucarados;1619.21;;;;;7.59;1.01;;;0.16;;2.56;;;;;;;;;;
Açúcar, mascavo;369;0.76;94.45;;3.32;0;Produtos açucarados;1542.03;0.09;;;1.38;126.53;79.95;2.03;38.16;8.3;25.2;521.63;0.17;0.48;;;;;0.03;;;
Açúcar, refinado;387;0.32;99.54;;0.12;0;Produtos açucarados;1617.43;;;;;3.5;0.55; ;;0.11;12.16;6.35;;;;;;;;;;
Chocolate, ao leite;540;7.22;59.58;;1.26;0;Produtos açucarados;2257.63;30.27;16.52;2.17;1.68;191.19;57.1;0.3;212.11;1.58;77.1;354.51;0.31;1.06;;;;0.05;0.22;0.59;0.63;
Chocolate, ao leite, com castanha do Pará;559;7.41;55.38;;1.21;0;Produtos açucarados;2338.34;34.19;15.5;2.46;1.81;171.23;79.57;0.36;302.52;1.47;64.05;430.92;0.45;1.3;36.15;;;0.04;0.24;;1.37;1.42
Chocolate, ao leite, dietético;557;6.9;56.32;;1.73;0;Produtos açucarados;2329.75;33.77;12.96;2.85;1.28;187.89;67.21;0.41;276.47;3.31;84.71;458.4;0.43;1.12;7.04;;;0.31;0.25;;0.79;2.05
Chocolate, meio amargo;475;4.86;62.42;;1.02;0;Produtos açucarados;1987.06;29.86;2.22;4.94;1.84;44.67;107.36;0.83;219.98;3.61;8.87;431.7;0.77;1.52;;;;0.2;0.04;;1.06;2.1
Cocada branca;449;1.12;81.38;;3.42;0;Produtos açucarados;1877.97;13.59;;3.57;0.48;7.06;17.41;0.36;396.41;1.24;28.99;183.07;0.2;0.41;;;;;;0.16;0.47;
Doce, de abóbora, cremoso;199;0.92;54.61;;43.88;0;Produtos açucarados;832.35;0.21;;2.28;0.38;12.99;5.52;0.01;13.74;0.85;;136.75;;;;;;0.08;;0.04;;0.11
Doce, de leite, cremoso;306;5.48;59.49;;27.5;0;Produtos açucarados;1281.6;5.99;20.06;;1.54;195.1;16.26;0.01;140.78;0.07;120.09;259.46;0.02;0.53;35.64;35.64;35.64;0.05;0.26;;;
Geléia, mocotó, natural;106;2.13;24.23;;73.48;0;Produtos açucarados;443.87;0.07;;;0.09;3.52;0.75;;;0.12;42.68;2.01;;;;;;0.19;;0.22;;
Glicose de milho;292;0;79.38;;20.41;0;Produtos açucarados;1222.22;0;;;0.21;5.67;1.9;;4.78;0.05;58.93;5.06;;;;;; ; ; ; ; 
Maria mole;301;3.81;73.55;;21.57;0;Produtos açucarados;1260.37;0.19;;0.67;0.87;13.36;6.89;0.06;4.35;0.39;15.31;23.56;0.2;0.09;;;;0.04;;;;
Maria mole, coco queimado;307;3.93;75.06;;20.73;0;Produtos açucarados;1282.95;0.09;;0.64;0.18;19.46;5.99;0.09;5.42;0.47;14.29;35.96;0.03;0.09;;;;0.04;;;;
Marmelada;257;0.4;70.76;;28.5;0;Produtos açucarados;1076.3;0.14;;4.07;0.2;11.32;5.8;0.06;19.62;0.73;10.88;83.15;0.09;0.08;;;;;;;;
Mel, de abelha;309;0;84.03;;15.82;0;Produtos açucarados;1293.87;0;;;0.14;10.2;5.51;0.38;3.89;0.25;6.04;99.32;;0.17;;;;0.11;;;;0.74
Melado;297;0;76.62;;22.09;0;Produtos açucarados;1240.58;0;;;1.3;102.06;115.14;2.62;73.61;5.39;4.01;395.06;0.84;0.27;;;;;0.05;0.2;;
Quindim;411;4.74;46.3;;23.93;0;Produtos açucarados;1721.08;24.43;271.02;3.22;0.61;37.18;14.9;0.25;167.91;1.38;27.37;111;0.1;1.11;75.98;;;;0.04;0.04;1.14;
Rapadura;352;0.99;90.79;;7.1;0;Produtos açucarados;1472.59;0.07;;;1.05;30.49;47.18;1.66;21.3;4.44;21.71;458.87;0.17;0.56;;;;;;0.04;;
Café, pó, torrado;419;14.7;65.75;;2.93;0;Miscelâneas;1751.5;11.95;;51.23;4.67;106.89;165.12;2.58;169.48;8.13;1.13;1608.58;1.3;0.52;;;;;;;11.89;
Capuccino, pó;417;11.31;73.61;;2.6;0;Miscelâneas;1746.43;8.63;28.9;2.44;3.84;466.59;70.85;0.17;357.61;2.28;382.29;885.8;;1.14;51.53;;;;1.41;;;
Fermento em pó, químico;90;0.48;43.91;;7.08;0;Miscelâneas;375.4;0.07;;;48.46; ; ; ; ; ;10052.41; ; ; ;;;; ; ; ; ; 
Fermento, biológico, levedura, tablete;90;16.96;7.7;;71.9;0;Miscelâneas;375.7;1.52;;4.17;1.93;18.01;38.45;0.2;418.66;2.62;39.61;576.24;0.29;11;;;;0.3;0.36;;;
Gelatina, sabores variados, pó;380;8.89;89.22;;1.24;0;Miscelâneas;1590.85;;;;0.62;26.84;2.31;0.03;1.99;0.33;234.92;7.25;;;;;;;;;;40
Shoyu;61;3.31;11.65;;70.63;0;Miscelâneas;254.92;0.33;;;14.09;14.53;23.63;0.07;47.04;0.5;5024.21;165.18;;0.19;;;;0.83;0.06;0.15;2.1;
Tempero a base de sal;21;2.67;2.07;;7.65;0;Miscelâneas;89.24;0.26;;0.56;87.35;;;;;;32560;;;;;;;;;;;
Azeitona, preta, conserva;194;1.16;5.54;;68.46;0;Outros alimentos industrializados;812.34;20.35;;4.56;4.48;58.75;4.76;0.06;16;5.45;1566.66;78.57;0.25;0.29;;;;;;0.04;;
Azeitona, verde, conserva;137;0.95;4.1;;76.26;0;Outros alimentos industrializados;572.94;14.22;;3.85;4.48;45.64;3.94;0.03;5.36;0.18;1347.18;19.81;0.14;0.08;;;;;;;;
Chantilly, spray, com gordura vegetal;315;0.53;16.86;;55.14;0;Outros alimentos industrializados;1317.78;27.27;;;0.21;2.27;0.85;;15.65;;109.7;5.11;0.01;0.07;;;;0.07;;;;
Leite, de coco;166;1.01;2.19;;77.98;0;Outros alimentos industrializados;695.21;18.36;;0.68;0.44;5.85;16.83;0.24;25.52;0.46;44.29;143.67;0.16;0.32;;;;;;;;
Maionese, tradicional com ovos;302;0.58;7.9;;58.42;0;Outros alimentos industrializados;1264.21;30.5;42.47;;2.6;3.48;0.86;;14.45;0.1;786.83;16.09;;0.06;8;;;;0.05;;;
Acarajé;289;8.35;19.11;;50.46;0;Alimentos preparados;1210.06;19.93;25.46;9.36;2.15;124.42;51.12;0.59;141.56;1.93;304.89;353.66;0.23;1.19;;;;0.06;;;; 
Arroz carreteiro;154;10.83;11.58;;68.04;0;Alimentos preparados;643.38;7.12;36.09;1.5;2.43;13.26;9.29;0.18;47.64;0.96;1621.73;87.15;0.08;2.67;;;;0.03;;0.07;1.6; 
Baião de dois, arroz e feijão-de-corda;136;6.24;20.42;;69.05;0;Alimentos preparados;567.69;3.23;4.1;5.07;1.06;33.3;18.68;0.27;71.68;0.56;93.3;157.31;0.08;0.6;;;;0.04;;0.04;;
Barreado;165;18.27;0.24;;71.17;0;Alimentos preparados;690.26;9.53;60.11;0.15;0.79;14.51;21.37;0.05;169.31;2.44;47.63;294.56;0.17;4.83;;;;0.03;0.04;;2.09;
Bife à cavalo, com contra filé;291;23.66;0;;54.21;0;Alimentos preparados;1218.5;21.15;256.63;;1.12;25.98;19.49;0.02;215.82;2.1;82.87;272.23;0.06;3.21;36.8;;;0.05;0.1;;2.92;
Bolinho de arroz;274;8.04;41.68;;41.5;0;Alimentos preparados;1144.38;8.29;70.3;2.74;0.49;23.57;13.45;0.42;87.27;2.12;58.86;96.45;0.13;0.86;;;;0.08;0.05;;;
Camarão à baiana;101;7.94;3.17;;81.99;0;Alimentos preparados;421.68;5.97;116.78;0.39;0.93;42.68;14.86;0.11;244.09;1.42;84.79;139.14;0.07;0.47;;;;;;;0.31;4.07
Charuto, de repolho;78;6.78;10.13;;81.55;0;Alimentos preparados;327.33;1.12;21.34;1.46;0.42;22.89;13.46;0.22;67.89;0.86;12.1;184.03;1.45;1.75;;;;0.03;;;0.32;4.77
Cuscuz, de milho, cozido com sal;113;2.16;25.28;;71.14;0;Alimentos preparados;474.71;0.68;;2.05;0.75;1.54;2.72;0.02;23.18;0.17;247.67;10.85;;0.2;;;;;;0.06;;
Cuscuz, paulista;142;2.56;22.51;;68.94;0;Alimentos preparados;594.64;4.65;15.05;2.43;1.34;14.16;5.1;0.06;25.95;0.33;235.71;52.93;0.05;0.21;;;;;;;0.93;
Cuxá, molho;80;5.64;5.74;;80.99;0;Alimentos preparados;335.1;3.59;58.39;3.02;4.03;105.48;33.58;0.23;111.13;0.94;1344.29;124.06;0.17;0.57;;32.58;16.29;0.04;;0.03;1.1;10.28
Dobradinha;125;19.77;0;;75.27;0;Alimentos preparados;520.91;4.44;144.02;;0.29;11.34;8.25;0.11;57.12;1.01;28.77;57.58;0.06;2.72;;;;;;;4.27; 
Estrogonofe de carne;173;15.03;2.98;;70.13;0;Alimentos preparados;724.42;10.8;66.22;;1.06;28.32;21.51;0.03;185.57;2.7;122.85;322.31;0.14;2.04;27.63;;;0.06;0.05;;3.25;
Estrogonofe de frango;157;17.55;2.59;;70.89;0;Alimentos preparados;656.08;7.96;79.96;;1;26.05;24.76;0.03;195.16;1.52;99.46;307.09;0.12;0.58;28.22;;;0.07;0.04;0.03;3.37;
Feijão tropeiro mineiro;152;10.17;19.58;;61.67;0;Alimentos preparados;634.13;6.79;67.88;3.57;1.79;41.2;36.11;0.38;199.26;2.16;365.07;348.93;0.22;1.45;8.77;;;;;;1.44;
Feijoada;117;8.67;11.64;;71.8;0;Alimentos preparados;489.25;6.48;21.96;5.09;1.41;32.38;31.85;0.24;105.46;1.35;278.22;303.49;0.15;0.83;;;;0.08;0.03;;0.93;
Frango, com açafrão;113;9.7;4.06;;79.52;0;Alimentos preparados;471.89;6.17;50.42;0.22;0.55;12.99;16.09;0.09;166.84;0.84;28.81;256.37;0.02;0.5;8.09;;;0.03;;;1.64;5.28
Macarrão, molho bolognesa;120;4.93;22.52;;71.41;0;Alimentos preparados;500.12;0.89;6.93;0.78;0.24;10.55;9.98;0.22;53.96;1.39;8.94;83.57;0.09;0.75;;;;0.04;;;1.44;
Maniçoba;134;9.96;3.42;;76.4;0;Alimentos preparados;561.59;8.7;42.77;2.16;1.53;65.98;23.65;0.6;54.88;3.22;406.7;147.71;0.16;2.03;;221.88;110.94;0.04;0.07;0.05;2.58;
Quibebe;86;8.56;6.64;;81.11;0;Alimentos preparados;361.29;2.67;;1.67;1.02;7.68;10.4;0.05;42.53;0.78;246.61;152.81;0.61;1.64;;104.92;52.46;;0.03;0.04;;
Salada, de legumes, com maionese;96;1.05;8.92;;82.04;0;Alimentos preparados;402.1;7.04;7.2;2.22;0.95;12.13;8.71;0.1;22.27;0.23;228.43;141.29;0.04;0.16;;282.75;141.38;0.04;;0.04;;
Salada, de legumes, cozida no vapor;35;2.01;7.09;;89.98;0;Alimentos preparados;148.15;0.31;;2.51;0.61;32.9;18.58;0.24;44.79;0.44;2.51;244.3;0.17;0.3;;510;255;0.05;0.03;0.03;;29.35
Salpicão, de frango;148;13.93;4.57;;72.53;0;Alimentos preparados;618.67;7.84;52.52;0.41;1.14;9.41;13.25;0.03;102.58;0.32;248.35;148.97;0.08;0.39;;14.5;7.25;0.05;;;1.48;9.26
Sarapatel;123;18.47;1.09;;74.95;0;Alimentos preparados;514.56;4.42;315.36;;1.06;12.23;12.8;0.1;163.5;7.18;215.62;198.76;1.48;1.77;1463.67;;;;0.11;;3.84;
Tabule;57;2.05;10.58;;85.77;0;Alimentos preparados;240.39;1.21;;2.08;0.39;18.85;17.98;0.37;35.47;0.55;1.19;187.63;0.12;0.58;;;;0.03;;;0.6;16.22
Tacacá;47;6.96;3.39;;85.19;0;Alimentos preparados;196.18;0.36;70.56;0.21;4.1;44.82;29.9;0.12;89.17;0.95;1349.06;240.18;0.22;0.79;;35.36;17.68;0.05;;;;
Tapioca, com manteiga;348;0.09;63.59;;24.9;0;Alimentos preparados;1455.31;10.91;31.19;;0.51;30.03;3.22;0.06;8.43;0.24;157.52;19.31;0.01;0.04;75.27;;;;;;;
Tucupi, com pimenta-de-cheiro;27;2.06;4.74;;91.88;0;Alimentos preparados;113.74;0.28;;0.23;1.04;28.26;42.49;0.52;30.81;1.15;5.13;390.84;0.12;0.85;;50.58;25.29;;;0.05;;46.4
Vaca atolada;145;5.12;10.06;;74.95;0;Alimentos preparados;606.25;9.32;18.59;2.34;0.54;62.66;15.75;0.04;71.77;0.73;25.63;219.81;0.12;1.2;;;;;;;0.77;
Vatapá;255;6;9.75;;58.36;0;Alimentos preparados;1066.47;23.23;44.45;1.7;2.67;46.82;39.32;0.48;108.44;1.44;879.85;209.41;0.28;0.85;;;;;;;1.8;
Virado à paulista;307;10.18;14.11;;48.59;0;Alimentos preparados;1284.27;25.59;65.84;2.16;1.53;40.71;21.81;0.15;135.49;1.05;345.53;237.26;0.07;1.04;10.17;;;0.14;0.05;;2.6;
Yakisoba;113;7.52;18.25;;69.38;0;Alimentos preparados;471.96;2.61;;1.06;2.25;13.95;13.34;0.15;83.03;0.62;793.76;158.57;0.06;0.68;;62;31;0.16;;;2.09;
Amendoim, grão, cru;544;27.19;20.31;;6.43;0;Leguminosas e derivados;2276.32;43.85;;8.04;2.22;;170.51;1.96;407.2;2.53;;580.44;0.78;3.17;;;;0.1;0.03;0.76;10.18;
Amendoim, torrado, salgado;606;22.48;18.7;;1.69;0;Leguminosas e derivados;2534.59;53.96;;7.76;3.17;39.43;159.34;1.7;260.76;1.33;375.73;495.67;0.68;2.12;;;;0.08;;0.21;7.47;
Ervilha, em vagem;88;7.45;14.23;;76.84;0;Leguminosas e derivados;366.97;0.47;;9.72;1.01;24.44;41.76;0.4;151.98;1.44;;310.98;0.2;1.23;;;;0.27;0.07;0.06;1.16;12.44
Ervilha, enlatada, drenada;74;4.6;13.44;;80.14;0;Leguminosas e derivados;308.97;0.38;;5.08;1.44;22.22;23.19;0.46;78.51;1.39;372.11;147.12;0.14;0.88;;9.17;4.58;0.07;0.03;;; 
Feijão, carioca, cozido;76;4.78;13.59;;80.35;0;Leguminosas e derivados;319.76;0.54;;8.51;0.74;26.59;42.34;0.28;86.85;1.29;1.76;254.62;0.19;0.7;;;;0.04;;;;
Feijão, carioca, cru;329;19.98;61.22;;14;0;Leguminosas e derivados;1376.65;1.26;;18.42;3.54;122.57;209.95;1.02;385.38;7.99;;1352.46;0.79;2.9;;;;0.17;;0.65;4.02; 
Feijão, fradinho, cozido;78;5.09;13.5;;80.01;0;Leguminosas e derivados;326.39;0.64;;7.47;0.75;17.45;38.12;0.53;84.59;1.06;0.98;252.98;0.1;1.12;;;;0.12;;;;
Feijão, fradinho, cru;339;20.21;61.24;;12.7;0;Leguminosas e derivados;1419.07;2.37;;23.59;3.49;77.52;178.39;1.43;354.52;5.13;10.31;1082.74;0.7;3.88;;;;0.14;0.03;0.26;;
Feijão, jalo, cozido;93;6.14;16.5;;75.84;0;Leguminosas e derivados;388.02;0.51;;13.87;1.01;29.4;44.1;0.32;121.01;1.92;0.52;347.72;0.24;1.01;;;;0.13;;0.04;;
Feijão, jalo, cru;328;20.1;61.48;;13.53;0;Leguminosas e derivados;1371.96;0.95;;30.32;3.94;97.97;169.9;0.99;427.19;7.03;24.58;1275.95;0.95;3.01;;;;0.1;;0.12;;
Feijão, preto, cozido;77;4.48;14.01;;80.22;0;Leguminosas e derivados;322.28;0.54;;8.4;0.76;29;40.37;0.37;88.03;1.47;1.85;256.37;0.2;0.72;;;;0.06;;0.03;;
Feijão, preto, cru;324;21.34;58.75;;14.88;0;Leguminosas e derivados;1353.8;1.24;;21.83;3.79;110.9;188.11;1.32;471.16;6.46;;1415.68;0.83;2.85;;;;0.12;;0.59;4.6; 
Feijão, rajado, cozido;85;5.54;15.27;;77.86;0;Leguminosas e derivados;354.39;0.4;;9.32;0.93;29.19;41.71;0.29;112.93;1.36;0.69;314.58;0.23;0.92;;;;0.09;;0.04;;
Feijão, rajado, cru;326;17.27;62.93;;14.96;0;Leguminosas e derivados;1363.33;1.17;;24.01;3.67;111.43;169.9;1.17;334.79;18.58;13.65;1134.54;0.84;2.6;;;;0.07;0.03;0.07;;
Feijão, rosinha, cozido;68;4.54;11.82;;82.58;0;Leguminosas e derivados;283.95;0.48;;4.76;0.58;19.24;42.96;0.46;89.51;1.18;2.08;240.57;0.09;1.31;;;;;;;3.69;
Feijão, rosinha, cru;337;20.92;62.22;;11.95;0;Leguminosas e derivados;1409.85;1.33;;20.63;3.58;67.66;184.5;1.08;393.59;5.32;24.11;1108.66;0.6;3.98;;;;0.16;0.03;;3.92;
Feijão, roxo, cozido;77;5.72;12.91;;79.99;0;Leguminosas e derivados;321.72;0.54;;11.51;0.85;22.53;34.39;0.32;106.33;1.41;1.46;268.09;0.22;1.01;;;;0.15;;0.03;;
Feijão, roxo, cru;331;22.17;59.99;;12.64;0;Leguminosas e derivados;1386.64;1.24;;33.84;3.97;120.46;161.94;1.34;393.7;6.92;9.76;1221.4;1.04;3.29;;;;0.26;;0.08;;
Grão-de-bico, cru;355;21.23;57.88;;12.29;0;Leguminosas e derivados;1484.08;5.43;;12.36;3.17;114.36;146.39;3.16;342.34;5.38;5.19;1115.7;0.67;3.19;;;;0.52;;0.75;;
Guandu, cru;344;18.96;64;;11.45;0;Leguminosas e derivados;1439.86;2.13;;21.31;3.45;129.34;166;1.02;269.19;1.94;1.62;1214.8;0.57;2.02;;;;1.06;;0.07;2.69;1.47
Lentilha, cozida;93;6.31;16.3;;76.25;0;Leguminosas e derivados;387.6;0.52;;7.86;0.61;16.1;21.65;0.29;103.74;1.48;1.18;219.9;0.17;1.13;;;;0.03;;;;
Lentilha, crua;339;23.15;62;;11.47;0;Leguminosas e derivados;1418.97;0.77;;16.94;2.61;53.52;93.53;1.08;367.74;7.05;;886.88;0.83;3.49;; ; ;0.11;;0.42;5.07; 
Paçoca, amendoim;487;16;52.38;;1.8;0;Leguminosas e derivados;2037.3;26.08;;7.32;3.75;22.48;100.67;1.06;198.5;1.13;166.84;347.6;0.38;1.56;;;;;;1.2;;
Pé-de-moleque, amendoim;503;13.16;54.73;;2.91;0;Leguminosas e derivados;2105.35;28.05;;3.39;1.15;27.11;107.9;1.09;170.71;1.26;16.35;355.41;0.43;1.43;;;;0.04;0.03;0.11;5.94;
Soja, farinha;404;36.03;38.44;;5.75;0;Leguminosas e derivados;1690.15;14.63;;20.18;5.15;206.02;241.9;2.87;539.25;13.06;5.75;1922.39;1.29;4.54;;;;0.2;0.04;0.03;;
Soja, extrato solúvel, natural, fluido;39;2.38;4.28;;91.28;0;Leguminosas e derivados;163.61;1.61;;0.37;0.45;16.52;15.45;0.15;52.89;0.43;56.53;121.04;0.08;0.28;;;;;;;;
Soja, extrato solúvel, pó;459;35.69;28.48;;4.47;0;Leguminosas e derivados;1920.02;26.18;;7.31;5.18;359.04;215.62;2.68;646.55;7.01;83.47;1606.8;1.19;5.84;;;;;0.11;0.35;;9.21
Soja, queijo (tofu);64;6.55;2.13;;86.65;0;Leguminosas e derivados;269.81;3.95;;0.75;0.72;80.76;38.2;0.33;129.52;1.43;1.21;181.69;0.18;0.89;;;;0.04;;0.03;;
Tremoço, cru;381;33.58;43.79;;9.69;0;Leguminosas e derivados;1595.27;10.34;;32.31;2.6;176.75;121.43;;264.68;2.79;3.29;708.32;0.79;4.24;;;;0.24;;0.07;;24.97
Tremoço, em conserva;121;11.11;12.39;;67.68;0;Leguminosas e derivados;504.77;3.78;;14.44;5.03;15.54;3.52;;39.72;0.34;1808.76;5.2;0.27;0.64;;;;;;;;
Amêndoa, torrada, salgada;581;18.55;29.55;;3.11;0;Leguminosas e derivados;2429.85;47.32;;11.64;1.47;236.7;222.1;1.95;493.06;3.06;278.52;639.6;0.93;2.58;;;;0.29;0.16;;;
Castanha-de-caju, torrada, salgada;570;18.51;29.13;;3.46;0;Leguminosas e derivados;2385.58;46.28;;3.66;2.61;32.59;236.61;1.59;594.22;5.22;125;671.46;1.92;4.72;;;;0.29;0.05;0.39;;
Castanha-do-Brasil, crua;643;14.54;15.08;;3.52;0;Leguminosas e derivados;2690.16;63.46;;7.93;3.4;146.34;365.12;1.1;853.28;2.31;0.65;650.99;1.79;4.22;;;;0.3;;0.44;;
Coco, cru;406;3.69;10.4;;42.96;0;Leguminosas e derivados;1700.74;41.98;;5.38;0.97;6.48;51.46;1;117.54;1.76;15.32;354.15;0.45;0.94;;;;;;0.03;;2.49
Farinha, de mesocarpo de babaçu, crua;329;1.41;79.17;;15.82;0;Leguminosas e derivados;1375.58;0.2;;17.86;3.4;60.95;39.35;0.38;25.56;18.33;12.46;362.07;0.22;0.34;;;;;;;2.58;
Gergelim, semente;584;21.16;21.62;;;0;Leguminosas e derivados;2441.56;50.43;;11.87;2.93;825.45;360.69;2.67;740.71;5.45;2.58;546.29;1.51;5.24;;;;0.94;;0.13;5.92;
Linhaça, semente;495;14.08;43.31;;6.68;0;Leguminosas e derivados;2071.53;32.25;;33.5;3.67;211.5;346.92;2.81;615.18;4.7;8.67;869.29;1.09;4.39;;;;0.12;;0.13;;
Pinhão, cozido;174;2.98;43.92;;50.51;0;Leguminosas e derivados;729.56;0.75;;15.6;1.84;15.77;52.97;0.41;165.84;0.76;0.86;727.01;0.18;0.83;;;;;;;;27.69
Pupunha, cozida;219;2.52;29.57;;54.46;0;Leguminosas e derivados;914.35;12.76;;4.25;0.69;27.59;25.29;0.13;48.77;0.52;0.91;303.36;0.28;0.29;;875.44;437.72;;0.09;0.03;;2.18
Noz, crua;620;13.97;18.36;;6.24;0;Leguminosas e derivados;2594.33;59.36;;7.25;2.06;105.31;152.89;4.05;396.28;2.04;4.57;533.26;0.75;2.06;;;;0.38;;0.13;1.08;
